49;0,575645756457565;0,714754098360656;-0,449819503429232;0,0474206200138614;0,0474206200138614;0,0266095902770758;Fixed Parallelogram
50;0,575149021694369;0,714754098360656;-0,449819503429232;0,0474206200138614;0,0474206200138614;0,0266095902770758;Fixed Parallelogram
51;0,574652286931174;0,714754098360656;-0,449819503429232;0,0474206200138614;0,0474206200138614;0,0266095902770758;Fixed Parallelogram
52;0,574155552167979;0,714754098360656;-0,449819503429232;0,0474206200138614;0,0474206200138614;0,0266095902770758;Fixed Parallelogram
53;0,573658817404784;0,714754098360656;-0,449819503429232;0,0474206200138614;0,0474206200138614;0,0266095902770758;Fixed Parallelogram
54;0,573162082641588;0,714754098360656;-0,449819503429232;0,0474206200138614;0,0474206200138614;0,0266095902770758;Fixed Parallelogram
54;0,572665347878393;0,714754098360656;-0,449819503429232;0,0474206200138614;0,0474206200138614;0,0266095902770758;Fixed Parallelogram
55;0,572168613115198;0,714754098360656;-0,449819503429232;0,0474206200138614;0,0474206200138614;0,0266095902770758;Fixed Parallelogram
56;0,571671878352003;0,714754098360656;-0,449819503429232;0,0474206200138614;0,0474206200138614;0,0266095902770758;Fixed Parallelogram
57;0,571175143588807;0,714754098360656;-0,449819503429232;0,0474206200138614;0,0474206200138614;0,0266095902770758;Fixed Parallelogram
58;0,570678408825612;0,714754098360656;-0,449819503429232;0,0474206200138614;0,0474206200138614;0,0266095902770758;Fixed Parallelogram
59;0,570181674062417;0,714754098360656;-0,449819503429232;0,0474206200138614;0,0474206200138614;0,0266095902770758;Fixed Parallelogram
60;0,569684939299222;0,714754098360656;-0,449819503429232;0,0474206200138614;0,0474206200138614;0,0266095902770758;Fixed Parallelogram
61;0,569188204536026;0,714754098360656;-0,449819503429232;0,0474206200138614;0,0474206200138614;0,0266095902770758;Fixed Parallelogram
62;0,568691469772831;0,714754098360656;-0,449819503429232;0,0474206200138614;0,0474206200138614;0,0266095902770758;Fixed Parallelogram
63;0,568194735009636;0,714754098360656;-0,449819503429232;0,0474206200138614;0,0474206200138614;0,0266095902770758;Fixed Parallelogram
64;0,567698000246441;0,714754098360656;-0,449819503429232;0,0474206200138614;0,0474206200138614;0,0266095902770758;Fixed Parallelogram
65;0,567201265483246;0,714754098360656;-0,449819503429232;0,0474206200138614;0,0474206200138614;0,0266095902770758;Fixed Parallelogram
66;0,56670453072005;0,714754098360656;-0,449819503429232;0,0474206200138614;0,0474206200138614;0,0266095902770758;Fixed Parallelogram
67;0,566207795956855;0,714754098360656;-0,449819503429232;0,0474206200138614;0,0474206200138614;0,0266095902770758;Fixed Parallelogram
68;0,56571106119366;0,714754098360656;-0,449819503429232;0,0474206200138614;0,0474206200138614;0,0266095902770758;Fixed Parallelogram
69;0,565214326430465;0,714754098360656;-0,449819503429232;0,0474206200138614;0,0474206200138614;0,0266095902770758;Fixed Parallelogram
70;0,564717591667269;0,714754098360656;-0,449819503429232;0,0474206200138614;0,0474206200138614;0,0266095902770758;Fixed Parallelogram
71;0,564220856904074;0,714754098360656;-0,449819503429232;0,0474206200138614;0,0474206200138614;0,0266095902770758;Fixed Parallelogram
72;0,563724122140879;0,714754098360656;-0,449819503429232;0,0474206200138614;0,0474206200138614;0,0266095902770758;Fixed Parallelogram
73;0,563227387377684;0,714754098360656;-0,449819503429232;0,0474206200138614;0,0474206200138614;0,0266095902770758;Fixed Parallelogram
74;0,562730627306273;0,714754098360656;-0,449819503429232;0,0474206200138614;0,0474206200138614;0,0266095902770758;Fixed Parallelogram
75;0,5609375;0,715277777777778;-0,899639006858464;0,0487445588662295;0,0475479872706854;0,0532191805541515;Fixed Parallelogram
76;0,559375;0,716666666666667;-1,0244530032972;0,0498854655832531;0,0480329732484363;0,0717287268489599;Fixed Parallelogram
77;0,55859375;0,718055555555556;-1,65527705540427;0,050789919518845;0,0476804902584058;0,100023686885834;Fixed Parallelogram
78;0,5578125;0,719444444444444;-2,15541344187108;0,0517033843020414;0,047609842160578;0,130456145852804;Fixed Parallelogram
79;0,55625;0,720833333333333;-2,39795087129686;0,0525841974818729;0,047640752646589;0,151553982868791;Fixed Parallelogram
80;0,55546875;0,722222222222222;-3,13734094034384;0,0532523795313427;0,0477352591398465;0,177649315446615;Fixed Parallelogram
81;0,55390625;0,723611111111111;-3,6041730576134;0,0538365244035923;0,0480698306677472;0,197082610800862;Fixed Parallelogram
82;0,553125;0,725;-3,82731089550671;0,0545358204462963;0,0485105255595625;0,211978167295456;Fixed Parallelogram
83;0,55234375;0,726388888888889;-3,98001695659698;0,05515075709201;0,0491026750492575;0,224640130996704;Fixed Parallelogram
84;0,5515625;0,726388888888889;-4,03344688177672;0,0556096997981712;0,049068488662251;0,228045268915594;Fixed Parallelogram
85;0,5515625;0,726388888888889;-4,03344688177672;0,0556096997981712;0,049068488662251;0,228045268915594;Fixed Parallelogram
86;0,5515625;0,726388888888889;-4,03344688177672;0,0556096997981712;0,049068488662251;0,228045268915594;Fixed Parallelogram
87;0,530981895756458;0,747586520947177;-2,39390478462642;0,0769557466875813;0,0769557466875813;-0,08;Fixed Parallelogram
88;0,530584063653137;0,74804189435337;-2,02409118228781;0,0769557466875813;0,0769557466875813;-0,08;Fixed Parallelogram
89;0,530584063653137;0,749430783242259;-1,59423664196764;0,0769557466875813;0,0769557466875813;-0,08;Fixed Parallelogram
90;0,531365313653137;0,750819672131148;-1,19331531658018;0,0769557466875813;0,0769557466875813;-0,08;Fixed Parallelogram
91;0,532146563653137;0,752208561020036;-0,731086853532915;0,0769557466875813;0,0769557466875813;-0,08;Fixed Parallelogram
92;0,532146563653137;0,752208561020036;-0,563435164599898;0,0769557466875813;0,0769557466875813;-0,08;Fixed Parallelogram
92;0,532927813653137;0,752208561020036;-0,284740928183458;0,0769557466875813;0,0769557466875813;-0,08;Fixed Parallelogram
93;0,532927813653137;0,753597449908925;-0,102381747553927;0,0769557466875813;0,0769557466875813;-0,08;Fixed Parallelogram
94;0,533709063653137;0,752208561020036;0,0579957899130266;0,0769557466875813;0,0769557466875813;-0,08;Fixed Parallelogram
95;0,533709063653137;0,752208561020036;-0,216433500294843;0,0769557466875813;0,0769557466875813;-0,08;Fixed Parallelogram
96;0,532146563653137;0,74804189435337;-0,0720236644469097;0,0769557466875813;0,0769557466875813;-0,08;Fixed Parallelogram
97;0,532146563653137;0,74804189435337;-0,0944306586405652;0,0769557466875813;0,0769557466875813;-0,08;Fixed Parallelogram
98;0,532927813653137;0,746653005464481;-0,171939611991337;0,0769557466875813;0,0769557466875813;-0,08;Fixed Parallelogram
99;0,533709063653137;0,745264116575592;-0,253394420320499;0,0769557466875813;0,0769557466875813;-0,08;Fixed Parallelogram
100;0,533709063653137;0,743875227686703;-0,4261292774401;0,0769557466875813;0,0769557466875813;-0,08;Fixed Parallelogram
101;0,534490313653137;0,742486338797814;-0,678134923200685;0,0769557466875813;0,0769557466875813;-0,08;Fixed Parallelogram
102;0,534490313653137;0,741097449908925;-1,09825193496152;0,0769557466875813;0,0769557466875813;-0,08;Fixed Parallelogram
103;0,535271563653137;0,739708561020036;-0,940246460828326;0,0769557466875813;0,0769557466875813;-0,08;Fixed Parallelogram
104;0,535271563653137;0,739708561020036;-0,940246460828326;0,0769557466875813;0,0769557466875813;-0,08;Fixed Parallelogram
105;0,535271563653137;0,739708561020036;-0,940246460828326;0,0769557466875813;0,0769557466875813;-0,08;Fixed Parallelogram
106;0,55757610701107;0,771334244080146;-0,158620128159115;0,108048910932144;0,108048910932144;0;Fixed Parallelogram
107;0,556913053505535;0,770491803278688;-0,210438298782449;0,108048910932144;0,108048910932144;0,00680270669706613;Fixed Parallelogram
108;0,556913053505535;0,770491803278688;-0,125966107645088;0,108048910932144;0,108048910932144;0,0136054133941323;Fixed Parallelogram
109;0,556131803505535;0,770491803278688;-0,0462054530343532;0,108048910932144;0,108048910932144;0,0204081200911984;Fixed Parallelogram
110;0,556131803505535;0,770491803278688;0,0435951394292638;0,108048910932144;0,108048910932144;0,0272108267882645;Fixed Parallelogram
111;0,555350553505535;0,770491803278688;0,204899208065386;0,108048910932144;0,108048910932144;0,0340135334853306;Fixed Parallelogram
111;0,555350553505535;0,770491803278688;0,370020645416244;0,108048910932144;0,108048910932144;0,0408162401823968;Fixed Parallelogram
112;0,554569303505535;0,770491803278688;0,521599671932605;0,108048910932144;0,108048910932144;0,0476189468794629;Fixed Parallelogram
113;0,553788053505535;0,770491803278688;0,655948812555881;0,108048910932144;0,108048910932144;0,054421653576529;Fixed Parallelogram
114;0,553788053505535;0,770491803278688;0,783489882082668;0,108048910932144;0,108048910932144;0,0612243602735951;Fixed Parallelogram
115;0,553006803505535;0,770491803278688;0,886232529095015;0,108048910932144;0,108048910932144;0,0680270669706613;Fixed Parallelogram
116;0,553006803505535;0,770491803278688;1,05379597251756;0,108048910932144;0,108048910932144;0,0748297736677274;Fixed Parallelogram
117;0,552225553505535;0,7691029143898;1,24293194144358;0,108048910932144;0,108048910932144;0,0816324803647935;Fixed Parallelogram
118;0,552225553505535;0,7691029143898;1,37244939023973;0,108048910932144;0,108048910932144;0,0884351870618596;Fixed Parallelogram
119;0,551444303505535;0,7691029143898;1,47593317280798;0,108048910932144;0,108048910932144;0,0952378937589258;Fixed Parallelogram
120;0,550663053505535;0,7691029143898;1,60121863906244;0,108048910932144;0,108048910932144;0,102040600455992;Fixed Parallelogram
121;0,549881803505535;0,767714025500911;1,74317791776201;0,108048910932144;0,108048910932144;0,108843307153058;Fixed Parallelogram
122;0,549881803505535;0,767714025500911;1,74317791776201;0,108048910932144;0,108048910932144;0,115646258503401;Fixed Parallelogram
123;0,549881803505535;0,767714025500911;1,74317791776201;0,108048910932144;0,108048910932144;0,115646258503401;Fixed Parallelogram
124;0,585;0,806;-0,675137432253187;0,15;0,15;0,183673469387755;Fixed Parallelogram
125;0,586340274388591;0,808412493899463;-0,604562088075437;0,15;0,15;0,171428608126531;Fixed Parallelogram
126;0,587680548777181;0,810824987798926;-0,571577607134511;0,15;0,15;0,159183746865306;Fixed Parallelogram
127;0,589020823165772;0,813237481698389;-0,579171819497503;0,15;0,15;0,146938885604082;Fixed Parallelogram
128;0,590361097554363;0,815649975597853;-0,587703603723632;0,15;0,15;0,134694024342857;Fixed Parallelogram
129;0,591701371942953;0,818062469497316;-0,0366563212048737;0,15;0,15;0,122449163081633;Fixed Parallelogram
129;0,593041646331544;0,820474963396779;0,34620326261358;0,15;0,15;0,110204301820408;Fixed Parallelogram
130;0,594381920720134;0,822887457296242;0,900248411208592;0,15;0,15;0,0979594405591839;Fixed Parallelogram
131;0,595722195108725;0,825299951195705;1,08842930090914;0,15;0,15;0,0857145792979595;Fixed Parallelogram
132;0,597062469497316;0,827712445095168;1,62324133049248;0,15;0,15;0,073469718036735;Fixed Parallelogram
133;0,598402743885906;0,830124938994632;1,69647298459724;0,15;0,15;0,0612248567755106;Fixed Parallelogram
134;0,599743018274497;0,832537432894095;1,81288352715976;0,15;0,15;0,0489799955142861;Fixed Parallelogram
135;0,601083292663088;0,834949926793558;1,93740797427051;0,15;0,15;0,0367351342530617;Fixed Parallelogram
136;0,602423567051678;0,837362420693021;2,26665430836406;0,15;0,15;0,0244902729918372;Fixed Parallelogram
137;0,603763841440269;0,839774914592484;2,74142401258367;0,15;0,15;0,0122454117306128;Fixed Parallelogram
138;0,605103194543384;0,842025798635846;0;0,15;0,15;0;Fixed Parallelogram
139;0,606431609300818;0,842357902325204;0,119080380709952;0,15;0,15;-0,0100416477406084;Fixed Parallelogram
140;0,607760024058252;0,842690006014563;0,23816397347128;0,15;0,15;-0,020083746925139;Fixed Parallelogram
141;0,609088438815686;0,843022109703921;0,357247566232609;0,15;0,15;-0,0301258461096696;Fixed Parallelogram
142;0,61041685357312;0,84335421339328;0,476331158993938;0,15;0,15;-0,0401679452942003;Fixed Parallelogram
143;0,611745268330554;0,843686317082638;0,595414751755267;0,15;0,15;-0,0502100444787309;Fixed Parallelogram
144;0,613073683087987;0,844018420771997;0,714498344516596;0,15;0,15;-0,0602521436632615;Fixed Parallelogram
145;0,614402097845421;0,844350524461355;0,833581937277925;0,15;0,15;-0,0702942428477921;Fixed Parallelogram
146;0,615730512602855;0,844682628150714;0,952665530039253;0,15;0,15;-0,0803363420323228;Fixed Parallelogram
147;0,617058927360289;0,845014731840072;1,07174912280058;0,15;0,15;-0,0903784412168534;Fixed Parallelogram
148;0,618387342117723;0,845346835529431;1,19083271556191;0,15;0,15;-0,100420540401384;Fixed Parallelogram
149;0,619715756875157;0,845678939218789;1,30991630832324;0,15;0,15;-0,110462639585915;Fixed Parallelogram
150;0,621044171632591;0,846011042908148;1,42899990108457;0,15;0,15;-0,120504738770445;Fixed Parallelogram
151;0,622372586390025;0,846343146597506;1,5480834938459;0,15;0,15;-0,130546837954976;Fixed Parallelogram
152;0,623701001147459;0,846675250286865;1,66716708660723;0,15;0,15;-0,140588937139507;Fixed Parallelogram
153;0,625029415904893;0,847007353976223;1,78625067936856;0,15;0,15;-0,150631036324037;Fixed Parallelogram
154;0,626357830662327;0,847339457665582;1,90533427212988;0,15;0,15;-0,160673135508568;Fixed Parallelogram
155;0,627686245419761;0,84767156135494;2,02441786489121;0,15;0,15;-0,170715234693098;Fixed Parallelogram
156;0,629014660177195;0,848003665044299;2,14350145765254;0,15;0,15;-0,180757333877629;Fixed Parallelogram
157;0,630343074934629;0,848335768733657;2,26258505041387;0,15;0,15;-0,19079943306216;Fixed Parallelogram
158;0,631671489692063;0,848667872423016;2,3816686431752;0,15;0,15;-0,20084153224669;Fixed Parallelogram
159;0,633;0,849;2,50076080140687;0,15;0,15;-0,210884353741497;Fixed Parallelogram
160;0,633;0,849;2,50076080140687;0,15;0,15;-0,210884353741497;Fixed Parallelogram
161;0,633;0,849;2,50076080140687;0,15;0,15;-0,210884353741497;Fixed Parallelogram
162;0,462419741697417;0,679257741347905;12,891439293034;0,343010078428202;0,343010078428202;0;Fixed Shape
163;0,46715625;0,680555555555555;12,0272927238673;0,343010078428202;0,343010078428202;0;Fixed Shape
164;0,472625;0,683333333333333;11,4490906369209;0,343010078428202;0,343010078428202;0;Fixed Shape
165;0,478875;0,691666666666667;9,89737667165253;0,343010078428202;0,343010078428202;0;Fixed Shape
166;0,48434375;0,690277777777778;10,0678702262084;0,343010078428202;0,343010078428202;0;Fixed Shape
167;0,49059375;0,694444444444444;9,941742018664;0,343010078428202;0,343010078428202;0;Fixed Shape
167;0,4960625;0,694444444444444;9,91035175323415;0,343010078428202;0,343010078428202;0;Fixed Shape
168;0,5023125;0,697222222222222;8,91059828812087;0,343010078428202;0,343010078428202;0;Fixed Shape
169;0,507;0,7;8,02369176773151;0,343010078428202;0,343010078428202;0;Fixed Shape
170;0,51246875;0,704166666666667;7,22096391376798;0,343010078428202;0,343010078428202;0;Fixed Shape
171;0,516375;0,705555555555555;6,59045074198985;0,343010078428202;0,343010078428202;0;Fixed Shape
172;0,5210625;0,706944444444444;6,24244609375365;0,343010078428202;0,343010078428202;0;Fixed Shape
173;0,52496875;0,705555555555555;5,48150885894855;0,343010078428202;0,343010078428202;0;Fixed Shape
174;0,52809375;0,705555555555555;4,45413442899685;0,343010078428202;0,343010078428202;0;Fixed Shape
175;0,53278125;0,705555555555555;4,10595302293545;0,343010078428202;0,343010078428202;0;Fixed Shape
176;0,536188001611727;0,708706648862959;1,33844255641254;0,343010078428202;0,343010078428202;0;Fixed Shape
177;0,539594845116519;0,711857827167349;-1,42914256040753;0,343010078428202;0,343010078428202;0;Fixed Shape
178;0,54300168862131;0,715009005471739;-4,19672767722759;0,343010078428202;0,343010078428202;0;Fixed Shape
179;0,546408532126102;0,718160183776129;-6,9644123277772;0,343010078428202;0,343010078428202;0;Fixed Shape
180;0,549815498154982;0,721311475409836;-6,9644123277772;0,343010078428202;0,343010078428202;0;Fixed Shape
181;0,549815498154982;0,721311475409836;-6,9644123277772;0,343010078428202;0,343010078428202;0;Fixed Shape
182;0,66789667896679;0,849180327868852;-19,1939175678139;0,102794624951315;0,105944827003677;0,168182253837585;Fixed Parallelogram
183;0,670532411710596;0,854332537251991;-19,1939175678139;0,102794624951315;0,105944827003677;0,168182253837585;Fixed Parallelogram
184;0,673168144454402;0,859484746635129;-19,1939175678139;0,102794624951315;0,105944827003677;0,168182253837585;Fixed Parallelogram
185;0,675803877198208;0,864636956018267;-19,1939175678139;0,102794624951315;0,105944827003677;0,168182253837585;Fixed Parallelogram
186;0,678439609942014;0,869789165401405;-19,1939175678139;0,102794624951315;0,105944827003677;0,168182253837585;Fixed Parallelogram
187;0,68107534268582;0,874941374784543;-19,1939175678139;0,102794624951315;0,105944827003677;0,168182253837585;Fixed Parallelogram
187;0,683711075429626;0,880093584167681;-19,1939175678139;0,102794624951315;0,105944827003677;0,168182253837585;Fixed Parallelogram
188;0,686346863468635;0,885245901639344;-19,1939175678139;0,102794624951315;0,105944827003677;0,168182253837585;Fixed Parallelogram
189;0,686346863468635;0,885245901639344;-19,1939175678139;0,102794624951315;0,105944827003677;0,168182253837585;Fixed Parallelogram
190;0,707564616203308;0,912295108371311;-6,69692876421122;0,111896433990531;0,107711624133503;0,177200868725777;Fixed Parallelogram
191;0,705596099256671;0,894722313140381;-6,69692876421122;0,111896433990531;0,107711624133503;0,138585004500044;Fixed Parallelogram
192;0,703627582310034;0,87714951790945;-6,69692876421122;0,111896433990531;0,107711624133503;0,0999691402743106;Fixed Parallelogram
193;0,701659065363398;0,85957672267852;-6,69692876421122;0,111896433990531;0,107711624133503;0,0613532760485776;Fixed Parallelogram
194;0,699690548416761;0,84200392744759;-6,69692876421122;0,111896433990531;0,107711624133503;0,0227374118228446;Fixed Parallelogram
195;0,697722031470124;0,824431132216659;-6,69692876421122;0,111896433990531;0,107711624133503;-0,0158784524028885;Fixed Parallelogram
195;0,695753490924835;0,806858126322428;-6,69692876421122;0,111896433990531;0,107711624133503;-0,0544947795569897;Fixed Parallelogram
196;0,695753490924835;0,806858126322428;-6,69692876421122;0,111896433990531;0,107711624133503;-0,0544947795569897;Fixed Parallelogram
197;0,695753490924835;0,806858126322428;-6,69692876421122;0,111896433990531;0,107711624133503;-0,0544947795569897;Fixed Parallelogram
291;0,167435431480408;0,718852424621582;-7,00028307846087;0,0774387582101474;0,14788394610109;0,00559014454483986;Fixed Parallelogram
292;0,175369010816201;0,720651149576045;-6,93994078506261;0,0774387582101474;0,14788394610109;0,00559014454483986;Fixed Parallelogram
293;0,183962760816201;0,723428927353822;-6,70580491520277;0,0774387582101474;0,14788394610109;0,00559014454483986;Fixed Parallelogram
294;0,191775260816201;0,7262067051316;-6,70117761545253;0,0774387582101474;0,14788394610109;0,00559014454483986;Fixed Parallelogram
295;0,198806510816201;0,727595594020489;-6,77315413558592;0,0774387582101474;0,14788394610109;0,00559014454483986;Fixed Parallelogram
296;0,206619010816201;0,730373371798267;-7,44260813681299;0,0774387582101474;0,14788394610109;0,00559014454483986;Fixed Parallelogram
296;0,212087760816201;0,733151149576045;-7,61580631287802;0,0774387582101474;0,14788394610109;0,00559014454483986;Fixed Parallelogram
297;0,218337760816201;0,734540038464934;-7,76874764196869;0,0774387582101474;0,14788394610109;0,00559014454483986;Fixed Parallelogram
298;0,225369010816201;0,735928927353823;-7,74317833522285;0,0774387582101474;0,14788394610109;0,00559014454483986;Fixed Parallelogram
299;0,232400260816201;0,737317816242711;-7,99752353421758;0,0774387582101474;0,14788394610109;0,00559014454483986;Fixed Parallelogram
300;0,239431510816201;0,740095594020489;-8,35566042124195;0,0774387582101474;0,14788394610109;0,00559014454483986;Fixed Parallelogram
301;0,246462760816201;0,741484482909378;-8,73932564721735;0,0774387582101474;0,14788394610109;0,00559014454483986;Fixed Parallelogram
302;0,251931510816201;0,742873371798267;-9,06617076961125;0,0774387582101474;0,14788394610109;0,00559014454483986;Fixed Parallelogram
303;0,257400260816201;0,744262260687156;-9,146588729878;0,0774387582101474;0,14788394610109;0,00559014454483986;Fixed Parallelogram
304;0,262087760816201;0,745651149576045;-9,08260690614748;0,0774387582101474;0,14788394610109;0,00559014454483986;Fixed Parallelogram
305;0,266775260816201;0,745651149576045;-9,14880416576832;0,0774387582101474;0,14788394610109;0,00559014454483986;Fixed Parallelogram
306;0,270681510816201;0,745651149576045;-9,33174256511576;0,0774387582101474;0,14788394610109;0,00559014454483986;Fixed Parallelogram
307;0,274587760816201;0,745651149576045;-9,52607902940365;0,0774387582101474;0,14788394610109;0,00559014454483986;Fixed Parallelogram
308;0,276931510816201;0,745651149576045;-9,78846293416466;0,0774387582101474;0,14788394610109;0,00559014454483986;Fixed Parallelogram
309;0,280837760816201;0,745651149576045;-10,390453876299;0,0774387582101474;0,14788394610109;0,00559014454483986;Fixed Parallelogram
310;0,283962760816201;0,744262260687156;-11,0478635326159;0,0774387582101474;0,14788394610109;0,00559014454483986;Fixed Parallelogram
311;0,287869010816201;0,744262260687156;-11,4449358863235;0,0774387582101474;0,14788394610109;0,00559014454483986;Fixed Parallelogram
312;0,290994010816201;0,742873371798267;-11,5878345561578;0,0774387582101474;0,14788394610109;0,00559014454483986;Fixed Parallelogram
313;0,294119010816201;0,744262260687156;-11,2805168378792;0,0774387582101474;0,14788394610109;0,00559014454483986;Fixed Parallelogram
314;0,296462760816201;0,744262260687156;-11,0254844044601;0,0774387582101474;0,14788394610109;0,00559014454483986;Fixed Parallelogram
315;0,298806510816201;0,742873371798267;-10,8565457051162;0,0774387582101474;0,14788394610109;0,00559014454483986;Fixed Parallelogram
316;0,301150260816201;0,744262260687156;-10,4686879969705;0,0774387582101474;0,14788394610109;0,00559014454483986;Fixed Parallelogram
317;0,303494010816201;0,744262260687156;-10,8218421009128;0,0774387582101474;0,14788394610109;0,00559014454483986;Fixed Parallelogram
318;0,306619010816201;0,742873371798267;-10,9324881238984;0,0774387582101474;0,14788394610109;0,00559014454483986;Fixed Parallelogram
319;0,309744010816201;0,744262260687156;-12,0643669027505;0,0774387582101474;0,14788394610109;0,00559014454483986;Fixed Parallelogram
320;0,312869010816201;0,742873371798267;-12,5985910024567;0,0774387582101474;0,14788394610109;0,00559014454483986;Fixed Parallelogram
321;0,315994010816201;0,744262260687156;-13,5656720442318;0,0774387582101474;0,14788394610109;0,00559014454483986;Fixed Parallelogram
322;0,315994010816201;0,744262260687156;-13,5656720442318;0,0774387582101474;0,14788394610109;0,00559014454483986;Fixed Parallelogram
323;0,315994010816201;0,744262260687156;-13,5656720442318;0,0774387582101474;0,14788394610109;0,00559014454483986;Fixed Parallelogram
324;0,808971402214022;0,889936247723133;-11,8950123330983;0,0774387582101474;0,108;0,00559014454483986;Fixed Parallelogram
325;0,808683118081181;0,888524590163934;-11,8545800211203;0,0774387582101474;0,108;0,00559014454483986;Fixed Parallelogram
326;0,807901868081181;0,888524590163934;-11,8636143645291;0,0774387582101474;0,108;0,00559014454483986;Fixed Parallelogram
327;0,807901868081181;0,888524590163934;-12,0275385310834;0,0774387582101474;0,108;0,00559014454483986;Fixed Parallelogram
328;0,807901868081181;0,888524590163934;-12,2521149108696;0,0774387582101474;0,108;0,00559014454483986;Fixed Parallelogram
329;0,807901868081181;0,888524590163934;-12,4487756138269;0,0774387582101474;0,108;0,00559014454483986;Fixed Parallelogram
329;0,807901868081181;0,888524590163934;-12,4325998482373;0,0774387582101474;0,108;0,00559014454483986;Fixed Parallelogram
330;0,807901868081181;0,888524590163934;-12,4796151118785;0,0774387582101474;0,108;0,00559014454483986;Fixed Parallelogram
331;0,808683118081181;0,889913479052823;-12,6192812079251;0,0774387582101474;0,108;0,00559014454483986;Fixed Parallelogram
332;0,808683118081181;0,889913479052823;-12,6047790938138;0,0774387582101474;0,108;0,00559014454483986;Fixed Parallelogram
333;0,809464368081181;0,889913479052823;-12,7138811071808;0,0774387582101474;0,108;0,00559014454483986;Fixed Parallelogram
334;0,810245618081181;0,889913479052823;-12,7869987158027;0,0774387582101474;0,108;0,00559014454483986;Fixed Parallelogram
335;0,810245618081181;0,889913479052823;-13,0902685598222;0,0774387582101474;0,108;0,00559014454483986;Fixed Parallelogram
336;0,811026868081181;0,888524590163934;-13,4113143980435;0,0774387582101474;0,108;0,00559014454483986;Fixed Parallelogram
337;0,811808118081181;0,888524590163934;-13,5656720442318;0,0774387582101474;0,108;0,00559014454483986;Fixed Parallelogram
338;0,811808118081181;0,887135701275046;-13,8509765430631;0,0774387582101474;0,108;0,00559014454483986;Fixed Parallelogram
339;0,812589368081181;0,885746812386157;-13,94545718248;0,0774387582101474;0,108;0,00559014454483986;Fixed Parallelogram
340;0,813370618081181;0,884357923497268;-13,9770710598989;0,0774387582101474;0,108;0,00559014454483986;Fixed Parallelogram
341;0,814933118081181;0,884357923497268;-14,3761973528756;0,0774387582101474;0,108;0,00559014454483986;Fixed Parallelogram
342;0,815714368081181;0,884357923497268;-14,5143021904079;0,0774387582101474;0,108;0,00559014454483986;Fixed Parallelogram
343;0,815714368081181;0,882969034608379;-15,4754797075843;0,0774387582101474;0,108;0,00559014454483986;Fixed Parallelogram
344;0,81623517591938;0,882969034608379;-15,4965294424427;0,0774387582101474;0,108;0,00559014454483986;Fixed Parallelogram
345;0,816756004049625;0,882969034608379;-15,5175799974543;0,0774387582101474;0,108;0,00559014454483986;Fixed Parallelogram
346;0,817276868081181;0,882969034608379;-15,5386320035061;0,0774387582101474;0,108;0,00559014454483986;Fixed Parallelogram
347;0,818289588781004;0,878273115555614;-15,5386320035061;0,0774387582101474;0,108;0,00559014454483986;Fixed Parallelogram
348;0,819302379293699;0,873576872785169;-15,5386320035061;0,0774387582101474;0,108;0,00559014454483986;Fixed Parallelogram
349;0,820315169806394;0,868880630014723;-15,5386320035061;0,0774387582101474;0,108;0,00559014454483986;Fixed Parallelogram
350;0,821327960319089;0,864184387244278;-15,5386320035061;0,0774387582101474;0,108;0,00559014454483986;Fixed Parallelogram
351;0,822340750831784;0,859488144473832;-15,5386320035061;0,0774387582101474;0,108;0,00559014454483986;Fixed Parallelogram
352;0,823353541344479;0,854791901703387;-15,5386320035061;0,0774387582101474;0,108;0,00559014454483986;Fixed Parallelogram
353;0,824366331857174;0,850095658932941;-15,5386320035061;0,0774387582101474;0,108;0,00559014454483986;Fixed Parallelogram
354;0,82537912236987;0,845399416162496;-15,5386320035061;0,0774387582101474;0,108;0,00559014454483986;Fixed Parallelogram
355;0,826391912882565;0,84070317339205;-15,5386320035061;0,0774387582101474;0,108;0,00559014454483986;Fixed Parallelogram
356;0,82740470339526;0,836006930621604;-15,5386320035061;0,0774387582101474;0,108;0,00559014454483986;Fixed Parallelogram
357;0,828417493907955;0,831310687851159;-15,5386320035061;0,0774387582101474;0,108;0,00559014454483986;Fixed Parallelogram
358;0,82943028442065;0,826614445080713;-15,5386320035061;0,0774387582101474;0,108;0,00559014454483986;Fixed Parallelogram
359;0,830443159922929;0,821917808219178;-15,5386320035061;0,0774387582101474;0,108;0,00559014454483986;Fixed Parallelogram
360;0,830871295407081;0,824961675565414;-15,5386320035061;0,0774387582101474;0,108;0,00559014454483986;Fixed Parallelogram
361;0,831299466821774;0,828005798363025;-15,5386320035061;0,0774387582101474;0,108;0,00559014454483986;Fixed Parallelogram
362;0,831727638236467;0,831049921160635;-15,5386320035061;0,0774387582101474;0,108;0,00559014454483986;Fixed Parallelogram
363;0,83215580965116;0,834094043958246;-15,5386320035061;0,0774387582101474;0,108;0,00559014454483986;Fixed Parallelogram
364;0,832583981065853;0,837138166755856;-15,5386320035061;0,0774387582101474;0,108;0,00559014454483986;Fixed Parallelogram
365;0,833012152480545;0,840182289553467;-15,5386320035061;0,0774387582101474;0,108;0,00559014454483986;Fixed Parallelogram
366;0,833440323895238;0,843226412351078;-15,5386320035061;0,0774387582101474;0,108;0,00559014454483986;Fixed Parallelogram
367;0,833868495309931;0,846270535148688;-15,5386320035061;0,0774387582101474;0,108;0,00559014454483986;Fixed Parallelogram
368;0,834296724470135;0,849315068493151;-15,5386320035061;0,0774387582101474;0,108;0,00559014454483986;Fixed Parallelogram
369;0,834617810577392;0,852168556329908;-15,5386320035061;0,0774387582101474;0,108;0,00559014454483986;Fixed Parallelogram
370;0,834938939993898;0,855022429055365;-15,5386320035061;0,0774387582101474;0,108;0,00559014454483986;Fixed Parallelogram
371;0,835260069410405;0,857876301780822;-15,5386320035061;0,0774387582101474;0,108;0,00559014454483986;Fixed Parallelogram
372;0,835581198826911;0,860730174506278;-15,5386320035061;0,0774387582101474;0,108;0,00559014454483986;Fixed Parallelogram
373;0,835902328243417;0,863584047231735;-15,5386320035061;0,0774387582101474;0,108;0,00559014454483986;Fixed Parallelogram
374;0,836223506743738;0,866438356164384;-15,5386320035061;0,0774387582101474;0,108;0,00559014454483986;Fixed Parallelogram
375;0,836223506743738;0,866438356164384;-15,5386320035061;0,0774387582101474;0,108;0,00559014454483986;Fixed Parallelogram
376;0,836223506743738;0,866438356164384;-15,5386320035061;0,0774387582101474;0,108;0,00559014454483986;Fixed Parallelogram
377;0,836223506743738;0,866438356164384;-15,5386320035061;0,0774387582101474;0,108;0,00559014454483986;Fixed Parallelogram
378;0,836223506743738;0,866438356164384;-15,5386320035061;0,0774387582101474;0,108;0,00559014454483986;Fixed Parallelogram
379;0,507446365102854;0,627231308877846;-4,37462134285824;0,32;0,32;0,00559014454483986;Fixed Shape
380;0,507446365102854;0,627231308877846;-4,37462134285824;0,32;0,32;0,00559014454483986;Fixed Shape
381;0,507446365102854;0,627231308877846;-4,37462134285824;0,32;0,32;0,00559014454483986;Fixed Shape
382;0,507446365102854;0,627231308877846;-4,37462134285824;0,32;0,32;0,00559014454483986;Fixed Shape
383;0,507446365102854;0,627231308877846;-4,37462134285824;0,32;0,32;0,00559014454483986;Fixed Shape
384;0,512915115102854;0,632786864433402;-4,02820922259614;0,32;0,32;0,00559014454483986;Fixed Shape
384;0,517602615102854;0,639731308877846;-4,24686245432996;0,32;0,32;0,00559014454483986;Fixed Shape
385;0,523071365102854;0,642509086655624;-5,16599567485328;0,32;0,32;0,00559014454483986;Fixed Shape
386;0,525415115102854;0,643897975544513;-6,01545370876649;0,32;0,32;0,00559014454483986;Fixed Shape
387;0,523071365102854;0,639731308877846;-5,9099249782329;0,32;0,32;0,00559014454483986;Fixed Shape
388;0,519165115102854;0,631397975544513;-4,12215935508374;0,32;0,32;0,00559014454483986;Fixed Shape
389;0,516821365102854;0,624453531100068;-3,33178058986129;0,32;0,32;0,00559014454483986;Fixed Shape
390;0,516821365102854;0,624453531100068;-2,93145850685179;0,32;0,32;0,00559014454483986;Fixed Shape
391;0,506665115102854;0,614731308877846;-1,91677136672681;0,32;0,32;0,00559014454483986;Fixed Shape
392;0,515258865102854;0,635564642211179;-2,7503126586355;0,32;0,32;0,00559014454483986;Fixed Shape
393;0,525415115102854;0,661953531100068;-2,03298410060767;0,32;0,32;0,00559014454483986;Fixed Shape
394;0,534008865102854;0,686953531100068;-0,936455072526652;0,32;0,32;0,00559014454483986;Fixed Shape
395;0,555102615102854;0,720286864433402;0,675272029718956;0,32;0,32;0,00559014454483986;Fixed Shape
396;0,560571365102854;0,724453531100068;1,13319603284608;0,32;0,32;0,00559014454483986;Fixed Shape
397;0,562915115102854;0,721675753322291;1,22654410817073;0,32;0,32;0,00559014454483986;Fixed Shape
398;0,565258865102854;0,713342419988957;0,695401170832152;0,32;0,32;0,00559014454483986;Fixed Shape
399;0,568383865102854;0,700842419988957;2,95864240892382;0,32;0,32;0,00559014454483986;Fixed Shape
400;0,570727615102854;0,685564642211179;3,66745756303806;0,32;0,32;0,00559014454483986;Fixed Shape
401;0,574633865102854;0,673064642211179;4,29189672229249;0,32;0,32;0,00559014454483986;Fixed Shape
402;0,593383865102854;0,682786864433402;3,34908953249737;0,32;0,32;0,00559014454483986;Fixed Shape
403;0,601196365102854;0,677231308877846;4,57135444579209;0,32;0,32;0,00559014454483986;Fixed Shape
404;0,607446365102854;0,673064642211179;4,08664142688396;0,32;0,32;0,00559014454483986;Fixed Shape
405;0,605102615102854;0,660564642211179;9,22863835295405;0,32;0,32;0,00559014454483986;Fixed Shape
406;0,607446365102854;0,656397975544513;10,4660005456354;0,32;0,32;0,00559014454483986;Fixed Shape
407;0,607446365102854;0,650842419988957;9,85305259269018;0,32;0,32;0,00559014454483986;Fixed Shape
408;0,593383865102854;0,630009086655624;9,86060207781952;0,32;0,32;0,00559014454483986;Fixed Shape
409;0,598071365102854;0,631397975544513;8,74411481009691;0,32;0,32;0,00559014454483986;Fixed Shape
410;0,594946365102854;0,628620197766735;6,33350327603893;0,32;0,32;0,00559014454483986;Fixed Shape
411;0,591040115102854;0,63417575332229;4,18234074647211;0,32;0,32;0,00559014454483986;Fixed Shape
412;0,585571365102854;0,645286864433402;1,13625588255555;0,32;0,32;0,00559014454483986;Fixed Shape
413;0,578540115102854;0,660564642211179;0,512890557104697;0,32;0,32;0,00559014454483986;Fixed Shape
414;0,577758865102854;0,681397975544513;-3,75659367183904;0,32;0,32;0,00559014454483986;Fixed Shape
415;0,569165115102854;0,688342419988957;-10,0812877984551;0,32;0,32;0,00559014454483986;Fixed Shape
416;0,559008865102854;0,686953531100068;-15,0335109066442;0,32;0,32;0,00559014454483986;Fixed Shape
417;0,551196365102854;0,682786864433402;-17,1708322713014;0,32;0,32;0,00559014454483986;Fixed Shape
418;0,543383865102854;0,674453531100068;-19,2676361000284;0,32;0,32;0,00559014454483986;Fixed Shape
419;0,537133865102854;0,667509086655624;-20,8097595192068;0,32;0,32;0,00559014454483986;Fixed Shape
420;0,537133865102854;0,667509086655624;-20,8097595192068;0,32;0,32;0,00559014454483986;Fixed Shape
421;0,526870407682668;0,674737521585616;-20,8097595192068;0,32;0,32;0,00559014454483986;Fixed Shape
422;0,516605166051661;0,681967213114754;-20,8097595192068;0,32;0,32;0,00559014454483986;Fixed Shape
423;0,516605166051661;0,681967213114754;-20,8097595192068;0,32;0,32;0,00559014454483986;Fixed Shape
424;0,502;0,835;-1,71088434708983;0,06;0,06;0,00559014454483986;Fixed Shape
425;0,504651744459274;0,839066008170886;-1,71088434708983;0,06;0,06;0,00559014454483986;Fixed Shape
426;0,507303488918547;0,843132016341772;-1,71088434708983;0,06;0,06;0,00559014454483986;Fixed Shape
427;0,509955233377821;0,847198024512658;-1,71088434708983;0,06;0,06;0,00559014454483986;Fixed Shape
428;0,512606977837094;0,851264032683544;-1,71088434708983;0,06;0,06;0,00559014454483986;Fixed Shape
429;0,515258722296368;0,85533004085443;-1,71088434708983;0,06;0,06;0,00559014454483986;Fixed Shape
429;0,517703647078222;0,85675508593853;-1,71088434708983;0,06;0,06;0,00559014454483986;Fixed Shape
430;0,519753026947832;0,853129260015374;-1,71088434708983;0,06;0,06;0,00559014454483986;Fixed Shape
431;0,521802406817442;0,849503434092218;-1,71088434708983;0,06;0,06;0,00559014454483986;Fixed Shape
432;0,523851786687052;0,845877608169062;-1,71088434708983;0,06;0,06;0,00559014454483986;Fixed Shape
433;0,525901166556662;0,842251782245906;-1,71088434708983;0,06;0,06;0,00559014454483986;Fixed Shape
434;0,527950546426272;0,83862595632275;-1,71088434708983;0,06;0,06;0,00559014454483986;Fixed Shape
435;0,53;0,835;-1,71088434708983;0,06;0,06;0,00559014454483986;Fixed Shape
436;0,530161185740849;0,838223714816978;-1,71088434708983;0,06;0,06;0,00559014454483986;Fixed Shape
437;0,530322377278808;0,841447545576153;-1,71088434708983;0,06;0,06;0,00559014454483986;Fixed Shape
438;0,530483568816766;0,844671376335328;-1,71088434708983;0,06;0,06;0,00559014454483986;Fixed Shape
439;0,530644760354725;0,847895207094503;-1,71088434708983;0,06;0,06;0,00559014454483986;Fixed Shape
440;0,530805951892684;0,851119037853678;-1,71088434708983;0,06;0,06;0,00559014454483986;Fixed Shape
441;0,530967143430643;0,854342868612853;-1,71088434708983;0,06;0,06;0,00559014454483986;Fixed Shape
442;0,531;0,855;-1,71088434708983;0,06;0,06;0,00559014454483986;Fixed Shape
443;0,531;0,855;-1,71088434708983;0,06;0,06;0,00559014454483986;Fixed Shape
444;0,619926199261993;0,878688524590164;4,93782278316887;0,102698237136523;0,102698237136523;0,00559014454483986;Fixed Shape
445;0,620541204183271;0,883060100555182;4,93782278316887;0,102698237136523;0,102698237136523;0,00559014454483986;Fixed Shape
446;0,621156209104549;0,887431676520201;4,93782278316887;0,102698237136523;0,102698237136523;0,00559014454483986;Fixed Shape
447;0,621771217712177;0,891803278688525;4,93782278316887;0,102698237136523;0,102698237136523;0,00559014454483986;Fixed Shape
448;0,627833374472491;0,893676800549731;4,93782278316887;0,102698237136523;0,102698237136523;0,00559014454483986;Fixed Shape
449;0,633895567569698;0,895550333640928;4,93782278316887;0,102698237136523;0,102698237136523;0,00559014454483986;Fixed Shape
449;0,639957760666906;0,897423866732124;4,93782278316887;0,102698237136523;0,102698237136523;0,00559014454483986;Fixed Shape
450;0,646019953764114;0,899297399823321;4,93782278316887;0,102698237136523;0,102698237136523;0,00559014454483986;Fixed Shape
451;0,652082146861322;0,901170932914518;4,93782278316887;0,102698237136523;0,102698237136523;0,00559014454483986;Fixed Shape
452;0,65814433995853;0,903044466005715;4,93782278316887;0,102698237136523;0,102698237136523;0,00559014454483986;Fixed Shape
453;0,664206642066421;0,904918032786885;4,93782278316887;0,102698237136523;0,102698237136523;0,00559014454483986;Fixed Shape
454;0,676857942569554;0,903044534187787;4,93782278316887;0,102698237136523;0,102698237136523;0,00559014454483986;Fixed Shape
455;0,689509470573145;0,901171001898731;4,93782278316887;0,102698237136523;0,102698237136523;0,00559014454483986;Fixed Shape
456;0,702160998576737;0,899297469609674;4,93782278316887;0,102698237136523;0,102698237136523;0,00559014454483986;Fixed Shape
457;0,714812526580328;0,897423937320618;4,93782278316887;0,102698237136523;0,102698237136523;0,00559014454483986;Fixed Shape
458;0,72746405458392;0,895550405031562;4,93782278316887;0,102698237136523;0,102698237136523;0,00559014454483986;Fixed Shape
459;0,740115582587511;0,893676872742505;4,93782278316887;0,102698237136523;0,102698237136523;0,00559014454483986;Fixed Shape
460;0,752767527675277;0,891803278688525;4,93782278316887;0,102698237136523;0,102698237136523;0,00559014454483986;Fixed Shape
461;0,764364379351409;0,887587970009227;4,93782278316887;0,102698237136523;0,102698237136523;0,00559014454483986;Fixed Shape
462;0,775961613354702;0,88337252235885;4,93782278316887;0,102698237136523;0,102698237136523;0,00559014454483986;Fixed Shape
463;0,787558847357994;0,879157074708473;4,93782278316887;0,102698237136523;0,102698237136523;0,00559014454483986;Fixed Shape
464;0,799156081361286;0,874941627058096;4,93782278316887;0,102698237136523;0,102698237136523;0,00559014454483986;Fixed Shape
465;0,810753315364578;0,870726179407719;4,93782278316887;0,102698237136523;0,102698237136523;0,00559014454483986;Fixed Shape
466;0,82235054936787;0,866510731757342;4,93782278316887;0,102698237136523;0,102698237136523;0,00559014454483986;Fixed Shape
467;0,833948339483395;0,862295081967213;4,93782278316887;0,102698237136523;0,102698237136523;0,00559014454483986;Fixed Shape
468;0,846599266235505;0,870257215785106;4,93782278316887;0,102698237136523;0,102698237136523;0,00559014454483986;Fixed Shape
469;0,859250799655765;0,878219731422693;4,93782278316887;0,102698237136523;0,102698237136523;0,00559014454483986;Fixed Shape
470;0,871902333076025;0,88618224706028;4,93782278316887;0,102698237136523;0,102698237136523;0,00559014454483986;Fixed Shape
471;0,884553866496285;0,894144762697867;4,93782278316887;0,102698237136523;0,102698237136523;0,00559014454483986;Fixed Shape
472;0,897205399916545;0,902107278335454;4,93782278316887;0,102698237136523;0,102698237136523;0,00559014454483986;Fixed Shape
473;0,909856933336805;0,910069793973041;4,93782278316887;0,102698237136523;0,102698237136523;0,00559014454483986;Fixed Shape
474;0,922509225092251;0,918032786885246;4,93782278316887;0,102698237136523;0,102698237136523;0,00559014454483986;Fixed Shape
475;0,922509225092251;0,918032786885246;4,93782278316887;0,102698237136523;0,102698237136523;0,00559014454483986;Fixed Shape
476;0,785888077858881;0,887445887445887;-15;0,05;0,12;0,00559014454483986;Fixed Parallelogram
477;0,777853351977145;0,87156194161908;-19,5864893574907;0,0484070096806581;0,12;0,00559014454483986;Fixed Parallelogram
478;0,76981862609541;0,855677995792272;-24,1729787149813;0,0468140193613162;0,12;0,00559014454483986;Fixed Parallelogram
479;0,761783900213674;0,839794049965465;-28,759468072472;0,0452210290419743;0,12;0,00559014454483986;Fixed Parallelogram
480;0,753749174331939;0,823910104138657;-33,3459574299627;0,0436280387226325;0,12;0,00559014454483986;Fixed Parallelogram
481;0,745714448450203;0,80802615831185;-37,9324467874533;0,0420350484032906;0,12;0,00559014454483986;Fixed Parallelogram
481;0,73964404242332;0,804496026565712;-40,8385821366794;0,0404420580839487;0,12;0,00559014454483986;Fixed Parallelogram
482;0,735185958262763;0,811105956544028;-42,3654759616705;0,0388490677646068;0,12;0,00559014454483986;Fixed Parallelogram
483;0,730727874102205;0,817715886522344;-43,8923697866615;0,0372560774452649;0,12;0,00559014454483986;Fixed Parallelogram
484;0,726269789941647;0,824325816500661;-45,4192636116526;0,035663087125923;0,12;0,00559014454483986;Fixed Parallelogram
485;0,721811705781089;0,830935746478977;-46,9461574366437;0,0340700968065812;0,12;0,00559014454483986;Fixed Parallelogram
486;0,717353621620531;0,837545676457293;-48,4730512616348;0,0324771064872393;0,12;0,00559014454483986;Fixed Parallelogram
487;0,712895377128954;0,844155844155844;-50;0,0308841161678974;0,12;0,00559014454483986;Fixed Parallelogram
488;0,71182709474305;0,841621563863744;-50,6249768200347;0,0292911258485555;0,12;0,00559014454483986;Fixed Parallelogram
489;0,710758773935942;0,839087192425237;-51,2499761176115;0,0276981355292136;0,12;0,00559014454483986;Fixed Parallelogram
490;0,709690453128834;0,836552820986729;-51,8749754151883;0,0261051452098717;0,12;0,00559014454483986;Fixed Parallelogram
491;0,708622132321726;0,834018449548222;-52,4999747127651;0,0245121548905298;0,12;0,00559014454483986;Fixed Parallelogram
492;0,707553811514618;0,831484078109714;-53,1249740103419;0,022919164571188;0,12;0,00559014454483986;Fixed Parallelogram
493;0,70648549070751;0,828949706671207;-53,7499733079187;0,0213261742518461;0,12;0,00559014454483986;Fixed Parallelogram
494;0,706058638284436;0,82731008122425;-54,3749726054955;0,02;0,12;0,00559014454483986;Fixed Parallelogram
495;0,708820120290633;0,830117673319605;-54,9999719030723;0,02;0,12;0,00559014454483986;Fixed Parallelogram
496;0,71158160229683;0,832925265414959;-55,6249712006491;0,02;0,12;0,00559014454483986;Fixed Parallelogram
497;0,714343084303027;0,835732857510313;-56,249970498226;0,02;0,12;0,00559014454483986;Fixed Parallelogram
498;0,717104566309224;0,838540449605667;-56,8749697958028;0,02;0,12;0,00559014454483986;Fixed Parallelogram
499;0,719866048315421;0,841348041701022;-57,4999690933796;0,02;0,12;0,00559014454483986;Fixed Parallelogram
500;0,722627737226277;0,844155844155844;-58,1249683909564;0,02;0,12;0,00559014454483986;Fixed Parallelogram
501;0,722095208635555;0,847757595431017;-58,7499676885332;0,02;0,12;0,00559014454483986;Fixed Parallelogram
502;0,721562640142018;0,851359616588435;-59,37496698611;0,02;0,12;0,00559014454483986;Fixed Parallelogram
503;0,721030042918455;0,854961832061069;-60;0,02;0,12;0,00559014454483986;Fixed Parallelogram
504;0,721030042918455;0,854961832061069;-60;0,02;0,12;0,00559014454483986;Fixed Parallelogram
548;0,665281941881919;0,764936247723133;13,9181514765312;0,25;0,25;0,00559014454483986;Fixed Shape
549;0,665281941881919;0,764936247723133;13,9181514765312;0,25;0,25;0,00559014454483986;Fixed Shape
550;0,665281941881919;0,764936247723133;13,9181514765312;0,25;0,25;0,00559014454483986;Fixed Shape
551;0,665281941881919;0,764936247723133;13,9181514765312;0,25;0,25;0,00559014454483986;Fixed Shape
552;0,654416512915129;0,774886156648452;11,8757191552487;0,25;0,25;0,00559014454483986;Fixed Shape
553;0,648947762915129;0,785997267759563;10,8005437531123;0,25;0,25;0,00559014454483986;Fixed Shape
553;0,645822762915129;0,794330601092896;9,32925707958984;0,25;0,25;0,00559014454483986;Fixed Shape
554;0,64911118595007;0,798221496845592;7,8233293202976;0,25;0,25;0,00559014454483986;Fixed Shape
555;0,652399697684974;0,802112497548992;6,31736094100719;0,25;0,25;0,00559014454483986;Fixed Shape
556;0,651291512915129;0,790163934426229;6,66161797650359;0,25;0,25;0,00559014454483986;Fixed Shape
557;0,649729012915129;0,776275045537341;5,924404870172;0,25;0,25;0,00559014454483986;Fixed Shape
558;0,645822762915129;0,766552823315118;7,93563902176006;0,25;0,25;0,00559014454483986;Fixed Shape
559;0,638010262915129;0,765163934426229;6,86594431282414;0,25;0,25;0,00559014454483986;Fixed Shape
560;0,631760262915129;0,769330601092896;8,0630756240771;0,25;0,25;0,00559014454483986;Fixed Shape
561;0,627854012915129;0,776275045537341;6,75969687830319;0,25;0,25;0,00559014454483986;Fixed Shape
562;0,621604012915129;0,781830601092896;4,77576192561061;0,25;0,25;0,00559014454483986;Fixed Shape
563;0,613010262915129;0,784608378870674;2,87745641421225;0,25;0,25;0,00559014454483986;Fixed Shape
564;0,604416512915129;0,783219489981785;2,20784334428272;0,25;0,25;0,00559014454483986;Fixed Shape
565;0,594260262915129;0,779052823315118;0,570820743167671;0,25;0,25;0,00559014454483986;Fixed Shape
566;0,588010262915129;0,773497267759563;1,3434458723857;0,25;0,25;0,00559014454483986;Fixed Shape
567;0,583632354085029;0,765179429313855;-0,608091825399677;0,25;0,25;0,00559014454483986;Fixed Shape
568;0,579254287801682;0,756861291713751;-2,55969971102147;0,25;0,25;0,00559014454483986;Fixed Shape
569;0,574876037822878;0,748542805100182;-4,51138948245242;0,25;0,25;0,00559014454483986;Fixed Shape
570;0,572385262915129;0,749886156648452;-4,1341758770762;0,25;0,25;0,00559014454483986;Fixed Shape
571;0,569260262915129;0,754052823315118;-3,52940760927056;0,25;0,25;0,00559014454483986;Fixed Shape
572;0,566916512915129;0,759608378870674;-4,56465575323139;0,25;0,25;0,00559014454483986;Fixed Shape
573;0,565354012915129;0,760997267759563;-5,54168848734892;0,25;0,25;0,00559014454483986;Fixed Shape
574;0,565354012915129;0,758219489981785;-5,39722314287377;0,25;0,25;0,00559014454483986;Fixed Shape
575;0,564572762915129;0,751275045537341;-5,40124684424954;0,25;0,25;0,00559014454483986;Fixed Shape
576;0,564572762915129;0,751275045537341;-5,40124684424954;0,25;0,25;0,00559014454483986;Fixed Shape
577;0,564572762915129;0,751275045537341;-5,40124684424954;0,25;0,25;0,00559014454483986;Fixed Shape
578;0,564572762915129;0,751275045537341;-5,40124684424954;0,25;0,25;0,00559014454483986;Fixed Shape
579;0,64963503649635;0,688311688311688;0;0,06;0,08;0,00559014454483986;Fixed Shape
580;0,64781022444708;0,675324714246753;0;0,06;0,08;0,00559014454483986;Fixed Shape
581;0,64598541239781;0,662337740181818;0;0,06;0,08;0,00559014454483986;Fixed Shape
582;0,64416060034854;0,649350766116883;0;0,06;0,08;0,00559014454483986;Fixed Shape
583;0,642335766423358;0,636363636363636;0;0,06;0,08;0,00559014454483986;Fixed Shape
584;0,639902712858881;0,632034696904762;0;0,06;0,08;0,00559014454483986;Fixed Shape
584;0,637469630126521;0,627705705549784;0;0,06;0,08;0,00559014454483986;Fixed Shape
585;0,635036547394161;0,623376714194805;0;0,06;0,08;0,00559014454483986;Fixed Shape
586;0,632603464661801;0,619047722839827;0;0,06;0,08;0,00559014454483986;Fixed Shape
587;0,63017038192944;0,614718731484849;0;0,06;0,08;0,00559014454483986;Fixed Shape
588;0,627737226277372;0,61038961038961;0;0,06;0,08;0,00559014454483986;Fixed Shape
589;0,627737226277372;0,61038961038961;0;0,06;0,08;0,00559014454483986;Fixed Shape
590;0,627737226277372;0,61038961038961;0;0,06;0,08;0,00559014454483986;Fixed Shape
591;0,500579639704107;0,740019379844961;-15,3436449621709;0,19;0,19;0,00559014454483986;Fixed Shape
592;0,495327102803738;0,744186046511628;-15,6851045015937;0,19;0,19;0,00559014454483986;Fixed Shape
593;0,490639602803738;0,745574935400517;-15,630808806581;0,19;0,19;0,00559014454483986;Fixed Shape
594;0,485952102803738;0,742797157622739;-16,1375047359719;0,19;0,19;0,00559014454483986;Fixed Shape
595;0,482045852803738;0,738630490956072;-15,779662747701;0,19;0,19;0,00559014454483986;Fixed Shape
596;0,478920852803738;0,733074935400517;-16,6007305667206;0,19;0,19;0,00559014454483986;Fixed Shape
596;0,477358352803738;0,72890826873385;-16,1920646339075;0,19;0,19;0,00559014454483986;Fixed Shape
597;0,469214326050971;0,72034724869742;-16,1920646339075;0,19;0,19;0,00559014454483986;Fixed Shape
598;0,467202102803738;0,724741602067183;-16,3001454873028;0,19;0,19;0,00559014454483986;Fixed Shape
599;0,467202102803738;0,734463824289406;-16,3618906508638;0,19;0,19;0,00559014454483986;Fixed Shape
600;0,467202102803738;0,742797157622739;-16,3550768647366;0,19;0,19;0,00559014454483986;Fixed Shape
601;0,466420852803738;0,748352713178295;-16,0715731879687;0,19;0,19;0,00559014454483986;Fixed Shape
602;0,466420852803738;0,748352713178295;-16,1747917937785;0,19;0,19;0,00559014454483986;Fixed Shape
603;0,465639602803738;0,744186046511628;-16,0051570554695;0,19;0,19;0,00559014454483986;Fixed Shape
604;0,467983352803738;0,737241602067183;-15,8483276011732;0,19;0,19;0,00559014454483986;Fixed Shape
605;0,467983352803738;0,737241602067183;-15,8483276011732;0,19;0,19;0,00559014454483986;Fixed Shape
606;0,467983352803738;0,737241602067183;-15,8483276011732;0,19;0,19;0,00559014454483986;Fixed Shape
607;0,467983352803738;0,737241602067183;-15,8483276011732;0,19;0,19;0,00559014454483986;Fixed Shape
608;0,501845018450184;0,590163934426229;0;0,06;0,06;0,00559014454483986;Fixed Shape
609;0,503604754565241;0,587484030969449;0;0,06;0,06;0,00559014454483986;Fixed Shape
610;0,505364490680297;0,584804127512669;0;0,06;0,06;0,00559014454483986;Fixed Shape
611;0,507124226795353;0,582124224055888;0;0,06;0,06;0,00559014454483986;Fixed Shape
612;0,508883962910409;0,579444320599108;0;0,06;0,06;0,00559014454483986;Fixed Shape
613;0,510643699025466;0,576764417142328;0;0,06;0,06;0,00559014454483986;Fixed Shape
613;0,512403435140522;0,574084513685547;0;0,06;0,06;0,00559014454483986;Fixed Shape
614;0,514163171255578;0,571404610228767;0;0,06;0,06;0,00559014454483986;Fixed Shape
615;0,515922907370634;0,568724706771987;0;0,06;0,06;0,00559014454483986;Fixed Shape
616;0,525726062407745;0,559967119015858;0;0,06;0,06;0,00559014454483986;Fixed Shape
617;0,535832414553473;0,550980392156863;0;0,06;0,06;0,00559014454483986;Fixed Shape
618;0,537302413866961;0,54379108669085;0;0,06;0,06;0,00559014454483986;Fixed Shape
619;0,53877245723778;0,536601565754249;0;0,06;0,06;0,00559014454483986;Fixed Shape
620;0,540242557883131;0,529411764705882;0;0,06;0,06;0,00559014454483986;Fixed Shape
621;0,539277879507442;0,532107730015196;0;0,06;0,06;0,00559014454483986;Fixed Shape
622;0,538313163545342;0,534803800366422;0;0,06;0,06;0,00559014454483986;Fixed Shape
623;0,537348447583242;0,537499870717647;0;0,06;0,06;0,00559014454483986;Fixed Shape
624;0,536383731621141;0,540195941068872;0;0,06;0,06;0,00559014454483986;Fixed Shape
625;0,535419015659041;0,542892011420098;0;0,06;0,06;0,00559014454483986;Fixed Shape
626;0,53445429969694;0,545588081771323;0;0,06;0,06;0,00559014454483986;Fixed Shape
627;0,53348958373484;0,548284152122549;0;0,06;0,06;0,00559014454483986;Fixed Shape
628;0,532524807056229;0,550980392156863;0;0,06;0,06;0,00559014454483986;Fixed Shape
629;0,523705101953694;0,560783667313725;0;0,06;0,06;0,00559014454483986;Fixed Shape
630;0,514884841728777;0,570587559499999;0;0,06;0,06;0,00559014454483986;Fixed Shape
631;0,50606394707828;0,580392156862745;0;0,06;0,06;0,00559014454483986;Fixed Shape
632;0,494304446012496;0,584313431666666;0;0,06;0,06;0,00559014454483986;Fixed Shape
633;0,48254409904594;0,588234988541176;0;0,06;0,06;0,00559014454483986;Fixed Shape
634;0,470782800441014;0,592156862745098;0;0,06;0,06;0,00559014454483986;Fixed Shape
635;0,460309588976848;0,591176552858824;0;0,06;0,06;0,00559014454483986;Fixed Shape
636;0,449835529959758;0,590196163640196;0;0,06;0,06;0,00559014454483986;Fixed Shape
637;0,439361470942669;0,589215774421569;0;0,06;0,06;0,00559014454483986;Fixed Shape
638;0,428886438809261;0,588235294117647;0;0,06;0,06;0,00559014454483986;Fixed Shape
639;0,423864235525084;0,587146069254245;0;0,06;0,06;0,00559014454483986;Fixed Shape
640;0,418841565598312;0,586056743184522;0;0,06;0,06;0,00559014454483986;Fixed Shape
641;0,41381889567154;0,584967417114798;0;0,06;0,06;0,00559014454483986;Fixed Shape
642;0,408796225744769;0,583878091045075;0;0,06;0,06;0,00559014454483986;Fixed Shape
643;0,403773555817997;0,582788764975352;0;0,06;0,06;0,00559014454483986;Fixed Shape
644;0,398750885891226;0,581699438905629;0;0,06;0,06;0,00559014454483986;Fixed Shape
645;0,393728215964454;0,580610112835906;0;0,06;0,06;0,00559014454483986;Fixed Shape
646;0,388705546037682;0,579520786766183;0;0,06;0,06;0,00559014454483986;Fixed Shape
647;0,383682469680265;0,57843137254902;0;0,06;0,06;0,00559014454483986;Fixed Shape
648;0,590405904059041;0,691803278688525;0,189169164338635;0,28;0,344;0,00559014454483986;Fixed Parallelogram
649;0,586436231549816;0,689867941712204;-0,0787445789682922;0,289999985014978;0,344;0,00559014454483986;Fixed Parallelogram
650;0,57380073800738;0,704918032786885;-0,0787445789682922;0,3;0,344;0,00559014454483986;Fixed Parallelogram
651;0,57380073800738;0,708196721311475;-0,0787445789682922;0,32388344057843;0,344;0,00559014454483986;Fixed Parallelogram
652;0,636531365313653;0,695081967213115;-0,0239561680500697;0,347766952735961;0,344;0,00559014454483986;Fixed Parallelogram
653;0,656826568265683;0,678688524590164;0,0308325712728408;0,371650464893493;0,344;0,00559014454483986;Fixed Parallelogram
653;0,643911439114391;0,665573770491803;0,0856213105957513;0,395533977051024;0,344;0,00559014454483986;Fixed Parallelogram
654;0,619471073150635;0,654163487752279;0,140410706728038;0,419417775524957;0,344;0,0410917550325394;Fixed Parallelogram
655;0,584870848708487;0,642622950819672;-1,11445241025351;0,418868521057833;0,344;0,0536734252773456;Fixed Parallelogram
656;0,543817701935768;0,62122073703342;-2,36935313604628;0,37693274116465;0,344;0,0662554726004601;Fixed Parallelogram
657;0,551660516605166;0,613114754098361;-2,36935313604628;0,339111467782717;0,344;0,106232403396667;Fixed Parallelogram
658;0,5503413196596;0,62636935602008;-2,36935313604628;0,301289514284377;0,344;0,146210053073126;Fixed Parallelogram
659;0,549022098991736;0,639624196291052;-2,36935313604628;0,263467560786037;0,344;0,186187702749585;Fixed Parallelogram
660;0,547702878323873;0,652879036562024;-2,36935313604628;0,225645607287697;0,344;0,226165352426044;Fixed Parallelogram
661;0,54638365765601;0,666133876832996;-2,36935313604628;0,187823653789357;0,344;0,266143002102503;Fixed Parallelogram
662;0,545064377682403;0,679389312977099;-2,36935313604628;0,15;0,344;0,306122448979592;Fixed Parallelogram
663;0,55793991416309;0,679389312977099;-2,36935313604628;0,15;0,344;0,306122448979592;Fixed Parallelogram
664;0,55793991416309;0,679389312977099;-2,36935313604628;0,15;0,344;0,306122448979592;Fixed Parallelogram
706;0,535502148814097;0,669444398656944;-0,356090663671247;0,275;0,275;0,035049133002758;Fixed Shape
707;0,543349242910038;0,677413433265323;2,63310704875216;0,275;0,275;0,035049133002758;Fixed Shape
708;0,553505492910038;0,688524544376434;3,97841259058108;0,275;0,275;0,035049133002758;Fixed Shape
709;0,567567992910038;0,703802322154212;6,62823293074195;0,275;0,275;0,035049133002758;Fixed Shape
710;0,579286742910038;0,714913433265323;10,5598904538082;0,275;0,275;0,035049133002758;Fixed Shape
711;0,602724242910038;0,73158009993199;11,6284622369558;0,275;0,275;0,035049133002758;Fixed Shape
711;0,614442992910038;0,73158009993199;13,9691667848587;0,275;0,275;0,035049133002758;Fixed Shape
712;0,626161742910038;0,727413433265323;16,7758883096424;0,275;0,275;0,035049133002758;Fixed Shape
713;0,636317992910038;0,723246766598657;19,0856811289092;0,275;0,275;0,035049133002758;Fixed Shape
714;0,648036742910038;0,717691211043101;20,4056969348407;0,275;0,275;0,035049133002758;Fixed Shape
715;0,655849242910038;0,713524544376434;22,4841358789935;0,275;0,275;0,035049133002758;Fixed Shape
716;0,666005492910038;0,707968988820879;21,1627045163564;0,275;0,275;0,035049133002758;Fixed Shape
717;0,676161742910038;0,701024544376434;20,4250043855205;0,275;0,275;0,035049133002758;Fixed Shape
718;0,688661742910038;0,695468988820879;22,8649197789954;0,275;0,275;0,035049133002758;Fixed Shape
719;0,698817992910038;0,685746766598657;22,5698276190835;0,275;0,275;0,035049133002758;Fixed Shape
720;0,709755492910038;0,68158009993199;21,9561344818276;0,275;0,275;0,035049133002758;Fixed Shape
721;0,720692992910038;0,680191211043101;22,1946319344006;0,275;0,275;0,035049133002758;Fixed Shape
722;0,733192992910038;0,678802322154212;22,8867224098367;0,275;0,275;0,035049133002758;Fixed Shape
723;0,74583425213513;0,679280464230715;22,8867224098367;0,275;0,275;0,035049133002758;Fixed Shape
724;0,760536742910038;0,673246766598657;25,9673217137332;0,275;0,275;0,035049133002758;Fixed Shape
725;0,774599242910038;0,66908009993199;26,2498375743924;0,275;0,275;0,035049133002758;Fixed Shape
726;0,784755492910038;0,664913433265323;26,9898434810426;0,275;0,275;0,035049133002758;Fixed Shape
727;0,788661742910038;0,66908009993199;26,1041602582058;0,275;0,275;0,035049133002758;Fixed Shape
728;0,788661742910038;0,68158009993199;25,0527856107277;0,275;0,275;0,035049133002758;Fixed Shape
729;0,787099242910038;0,698246766598657;23,3215639220659;0,275;0,275;0,035049133002758;Fixed Shape
730;0,781630492910038;0,716302322154212;20,9851254676299;0,275;0,275;0,035049133002758;Fixed Shape
731;0,774599242910038;0,730191211043101;19,4649222599322;0,275;0,275;0,035049133002758;Fixed Shape
732;0,776161742910038;0,748246766598657;18,1737760627967;0,275;0,275;0,035049133002758;Fixed Shape
733;0,767567992910038;0,751024544376434;16,2055787197255;0,275;0,275;0,035049133002758;Fixed Shape
734;0,757411742910038;0,751024544376434;13,8492089195177;0,275;0,275;0,035049133002758;Fixed Shape
735;0,750380492910038;0,748246766598657;12,825797706832;0,275;0,275;0,035049133002758;Fixed Shape
736;0,741786742910038;0,742691211043101;11,0592674619775;0,275;0,275;0,035049133002758;Fixed Shape
737;0,733192992910038;0,735746766598657;9,00855865896816;0,275;0,275;0,035049133002758;Fixed Shape
738;0,723817992910038;0,734357877709768;4,85901084430255;0,275;0,275;0,035049133002758;Fixed Shape
739;0,716786742910038;0,752413433265323;6,06151634049354;0,275;0,275;0,035049133002758;Fixed Shape
740;0,708974242910038;0,760746766598657;4,55591308903359;0,275;0,275;0,035049133002758;Fixed Shape
741;0,705067992910038;0,762135655487546;2,82849741656507;0,275;0,275;0,035049133002758;Fixed Shape
742;0,703505492910038;0,759357877709768;1,71890394414912;0,275;0,275;0,035049133002758;Fixed Shape
743;0,702724242910038;0,751024544376434;0,89194519369217;0,275;0,275;0,035049133002758;Fixed Shape
744;0,702724242910038;0,751024544376434;0,89194519369217;0,275;0,275;0,035049133002758;Fixed Shape
745;0,702724242910038;0,751024544376434;0,89194519369217;0,275;0,275;0,035049133002758;Fixed Shape
746;0,487084870848708;0,639344262295082;-7,25797744306374;0,225;0,225;0,035049133002758;Fixed Parallelogram
747;0,478623731549816;0,626161202185792;-4,52497393654858;0,225;0,226923071159615;0,035049133002758;Fixed Parallelogram
748;0,466789667896679;0,668852459016393;-4,52497393654858;0,225;0,228846142319231;0,035049133002758;Fixed Parallelogram
749;0,464944649446494;0,668852459016393;-4,52497393654858;0,225;0,230769213478846;0,035049133002758;Fixed Parallelogram
750;0,461436231549816;0,670605646630237;-3,85561192943189;0,225;0,232692284638462;0,035049133002758;Fixed Parallelogram
751;0,457529981549816;0,66643897996357;-2,42266043967802;0,225;0,234615355798077;0,035049133002758;Fixed Parallelogram
751;0,452061231549816;0,648383424408015;-3,65665652303735;0,225;0,236538426957692;0,035049133002758;Fixed Parallelogram
752;0,44280442804428;0,619672131147541;-3,65665652303735;0,225;0,238461498117308;0,035049133002758;Fixed Parallelogram
753;0,437269372693727;0,60655737704918;-3,65665652303735;0,225;0,240384569276923;0,035049133002758;Fixed Parallelogram
754;0,431734433462752;0,621311165884534;-3,65665652303735;0,225;0,242307640436538;0,035049133002758;Fixed Parallelogram
755;0,42619926199262;0,636065573770492;-3,65665652303735;0,225;0,244230711596154;0,035049133002758;Fixed Parallelogram
756;0,421592481549816;0,642827868852459;-2,70482878778276;0,225;0,246153782755769;0,035049133002758;Fixed Parallelogram
757;0,419248731549816;0,642827868852459;-3,10901563728458;0,225;0,248076853915385;0,035049133002758;Fixed Parallelogram
758;0,415129151291513;0,626229508196721;-2,71408058242193;0,225;0,25;0,035049133002758;Fixed Parallelogram
759;0,415129151291513;0,586885245901639;-2,31913605834098;0,225;0,231729967348052;0,035049133002758;Fixed Parallelogram
760;0,416974100622176;0,532788911920925;-1,92419153426002;0,225;0,213459222847493;0,035049133002758;Fixed Parallelogram
761;0,418819188191882;0,478688524590164;-1,52924701017907;0,225;0,195188478346934;0,035049133002758;Fixed Parallelogram
762;0,420311125957479;0,472060407631527;-1,13430248609812;0,225;0,176917733846375;0,035049133002758;Fixed Parallelogram
763;0,421803112909558;0,4654320721559;-0,739357962017169;0,225;0,158646989345817;0,035049133002758;Fixed Parallelogram
764;0,422509225092251;0,46776283982934;-0,344413437936216;0,225;0,153427213763144;0,035049133002758;Fixed Parallelogram
765;0,422509225092251;0,478143403890199;0,0505310861447361;0,225;0,159933795238707;0,035049133002758;Fixed Parallelogram
766;0,422509225092251;0,488524590163934;0,445475610225688;0,225;0,16644037671427;0,035049133002758;Fixed Parallelogram
767;0,423739158750386;0,499452853159167;0,84042013430664;0,225;0,172946958189833;0,035049133002758;Fixed Parallelogram
768;0,424969166135385;0,510381771235714;1,23536465838759;0,225;0,179453539665396;0,035049133002758;Fixed Parallelogram
769;0,42619926199262;0,521311475409836;1,63030918246855;0,225;0,185960121140959;0,035049133002758;Fixed Parallelogram
770;0,424969341851169;0,550817461229506;2,0252537065495;0,225;0,192466702616522;0,035049133002758;Fixed Parallelogram
771;0,423739333237392;0,580325569514752;2,42019823063045;0,225;0,198973284092085;0,035049133002758;Fixed Parallelogram
772;0,422509225092251;0,609836065573771;2,8151427547114;0,225;0,205479865567648;0,035049133002758;Fixed Parallelogram
773;0,423739147690281;0,646991825633606;3,21008727879235;0,225;0,211986447043211;0,035049133002758;Fixed Parallelogram
774;0,42496916982077;0,684150592552717;3,6050318028733;0,225;0,218493028518774;0,035049133002758;Fixed Parallelogram
775;0,42619926199262;0,721311475409836;4;0,225;0,225;0,035049133002758;Fixed Parallelogram
776;0,42619926199262;0,721311475409836;4;0,225;0,225;0,035049133002758;Fixed Parallelogram
795;0,608856088560886;0,839344262295082;-1,08780234803413;0,311941021549963;0,311941021549963;0,035049133002758;Fixed Shape
796;0,597785977859779;0,790163934426229;-1,08780234803413;0,28327757441306;0,311941021549963;0,035049133002758;Fixed Shape
797;0,562730627306273;0,724590163934426;-1,08780234803413;0,254614041371548;0,311941021549963;0,035049133002758;Fixed Shape
798;0,547048064481268;0,678688799723766;-1,08780234803413;0,245210552165481;0,311941021549963;0,035049133002758;Fixed Shape
799;0,531365313653137;0,632786885245902;-1,08780234803413;0,235807034776987;0,311941021549963;0,035049133002758;Fixed Shape
800;0,52121786423893;0,613115048885246;-1,08780234803413;0,226403517388494;0,311941021549963;0,035049133002758;Fixed Shape
800;0,511070110701107;0,59344262295082;-1,08780234803413;0,217;0,311941021549963;0,035049133002758;Fixed Shape
801;0,511174729100135;0,590707613437005;-1,08780234803413;0,21698373720811;0,311941021549963;0,035049133002758;Fixed Shape
802;0,51127934938045;0,587972554741217;-1,08780234803413;0,216967474416219;0,311941021549963;0,035049133002758;Fixed Shape
803;0,511383969660766;0,58523749604543;-1,08780234803413;0,216951211624329;0,311941021549963;0,035049133002758;Fixed Shape
804;0,511488589941082;0,582502437349642;-1,08780234803413;0,216934948832439;0,311941021549963;0,035049133002758;Fixed Shape
805;0,511593210221397;0,579767378653854;-1,08780234803413;0,216918686040549;0,311941021549963;0,035049133002758;Fixed Shape
806;0,511697830501713;0,577032319958067;-1,08780234803413;0,216902423248658;0,311941021549963;0,035049133002758;Fixed Shape
807;0,511802450782028;0,574297261262279;-1,08780234803413;0,216886160456768;0,311941021549963;0,035049133002758;Fixed Shape
808;0,511907071062344;0,571562202566491;-1,08780234803413;0,216869897664878;0,311941021549963;0,035049133002758;Fixed Shape
809;0,512011691342659;0,568827143870704;-1,08780234803413;0,216853634872987;0,311941021549963;0,035049133002758;Fixed Shape
810;0,512116316639742;0,566091954022989;-1,08780234803413;0,2168373715937;0,311941021549963;0,035049133002758;Fixed Shape
811;0,512116316639742;0,566091954022989;-1,08780234803413;0,2168373715937;0,311941021549963;0,035049133002758;Fixed Shape
812;0,512116316639742;0,566091954022989;-1,08780234803413;0,2168373715937;0,311941021549963;0,035049133002758;Fixed Shape
833;0,425187396393378;0,614845143904394;13,9805991681788;0,25;0,25;0,035049133002758;Fixed Shape
834;0,42520181060002;0,610724014578347;14,5740083511471;0,251363633762931;0,25;0,035049133002758;Fixed Shape
835;0,42832681060002;0,601001792356125;14,7939706580044;0,252727267525862;0,25;0,035049133002758;Fixed Shape
836;0,43145181060002;0,589890681245014;14,1080434144381;0,254090901288793;0,25;0,035049133002758;Fixed Shape
837;0,43145181060002;0,584335125689458;13,9863883004492;0,255454535051724;0,25;0,035049133002758;Fixed Shape
838;0,43067056060002;0,585724014578347;12,9853981442093;0,256818168814655;0,25;0,035049133002758;Fixed Shape
838;0,43145181060002;0,59405734791168;11,9343845362619;0,258181802577586;0,25;0,035049133002758;Fixed Shape
839;0,42988931060002;0,60655734791168;10,8083684075952;0,259545436340517;0,25;0,035049133002758;Fixed Shape
840;0,42598306060002;0,616279570133903;9,82490259577485;0,260909070103448;0,25;0,035049133002758;Fixed Shape
841;0,417389452255311;0,62461276610453;9,82490259577485;0,262272703866379;0,25;0,035049133002758;Fixed Shape
842;0,40879556060002;0,632946236800569;9,82490259577485;0,26363633762931;0,25;0,035049133002758;Fixed Shape
843;0,40879556060002;0,632946236800569;9,82490259577485;0,264999971392242;0,25;0,035049133002758;Fixed Shape
844;0,398269587823949;0,63456277524846;9,82490259577485;0,266363605155173;0,25;0,035049133002758;Fixed Shape
845;0,387743394218201;0,636179347610524;9,82490259577485;0,267727238918104;0,25;0,035049133002758;Fixed Shape
846;0,377216916688581;0,637795963576526;9,82490259577485;0,269090872681035;0,25;0,035049133002758;Fixed Shape
847;0,37520181060002;0,637112903467236;9,82490259577485;0,270454506443966;0,25;0,035049133002758;Fixed Shape
848;0,37363931060002;0,639890681245014;9,82490259577485;0,271818140206897;0,25;0,035049133002758;Fixed Shape
849;0,37285806060002;0,639890681245014;9,82490259577485;0,273181773969828;0,25;0,035049133002758;Fixed Shape
850;0,37363931060002;0,637112903467236;9,82490259577485;0,274545407732759;0,25;0,035049133002758;Fixed Shape
851;0,37520181060002;0,630168459022792;9,82490259577485;0,27590904149569;0,25;0,035049133002758;Fixed Shape
852;0,37832681060002;0,617668459022791;9,82490259577485;0,277272675258621;0,25;0,035049133002758;Fixed Shape
853;0,37910806060002;0,60655734791168;9,82490259577485;0,278636309021552;0,25;0,035049133002758;Fixed Shape
854;0,37988931060002;0,601001792356125;9,82490259577485;0,28;0,25;0,035049133002758;Fixed Shape
855;0,37988931060002;0,601001792356125;9,82490259577485;0,28;0,25;0,035049133002758;Fixed Shape
856;0,37988931060002;0,601001792356125;9,82490259577485;0,28;0,25;0,035049133002758;Fixed Shape
857;0,37988931060002;0,601001792356125;9,82490259577485;0,28;0,25;0,035049133002758;Fixed Shape
858;0,732360097323601;0,805194805194805;-23,4734338055604;0,0949433933212196;0,390867751994641;0,035049133002758;Fixed Shape
859;0,734079141416028;0,8048124853236;-22,6552291220853;0,0949433933212196;0,390867751994641;0,035049133002758;Fixed Shape
860;0,735798185508455;0,804430165452394;-21,8370244386101;0,0949433933212196;0,390867751994641;0,035049133002758;Fixed Shape
861;0,737517229600883;0,804047845581189;-21,018819755135;0,0949433933212196;0,390867751994641;0,035049133002758;Fixed Shape
862;0,73923627369331;0,803665525709984;-20,2006150716599;0,0949433933212196;0,390867751994641;0,035049133002758;Fixed Shape
863;0,740955317785737;0,803283205838778;-19,3824103881847;0,0949433933212196;0,390867751994641;0,035049133002758;Fixed Shape
863;0,742674361878164;0,802900885967573;-18,5642057047096;0,0949433933212196;0,390867751994641;0,035049133002758;Fixed Shape
864;0,744393405970592;0,802518566096367;-17,7460010212344;0,0949433933212196;0,390867751994641;0,035049133002758;Fixed Shape
865;0,746112450063019;0,802136246225162;-16,9277963377593;0,0949433933212196;0,390867751994641;0,035049133002758;Fixed Shape
866;0,747831494155446;0,801753926353956;-16,1095916542842;0,0949433933212196;0,390867751994641;0,035049133002758;Fixed Shape
867;0,749550538247874;0,801371606482751;-15,291386970809;0,0949433933212196;0,390867751994641;0,035049133002758;Fixed Shape
868;0,751269582340301;0,800989286611546;-14,4731822873339;0,0949433933212196;0,390867751994641;0,035049133002758;Fixed Shape
869;0,753252573574614;0,79878737912141;-14,2089098204274;0,0949433933212196;0,390867751994641;0,035049133002758;Fixed Shape
870;0,755361489895485;0,795717374607084;-14,2089098204274;0,0949433933212196;0,390867751994641;0,035049133002758;Fixed Shape
871;0,757470406216357;0,792647370092758;-14,2089098204274;0,0949433933212196;0,390867751994641;0,035049133002758;Fixed Shape
872;0,759579322537228;0,789577365578431;-14,2089098204274;0,0949433933212196;0,390867751994641;0,035049133002758;Fixed Shape
873;0,7616882388581;0,786507361064105;-14,2089098204274;0,0949433933212196;0,390867751994641;0,035049133002758;Fixed Shape
874;0,763797155178971;0,783437356549778;-14,2089098204274;0,0949433933212196;0,390867751994641;0,035049133002758;Fixed Shape
875;0,765906071499842;0,780367352035452;-14,2089098204274;0,0949433933212196;0,390867751994641;0,035049133002758;Fixed Shape
876;0,768014987820714;0,777297347521125;-14,2089098204274;0,0949433933212196;0,390867751994641;0,035049133002758;Fixed Shape
877;0,770123904141585;0,774227343006799;-14,2089098204274;0,0949433933212196;0,390867751994641;0,035049133002758;Fixed Shape
878;0,772232820462457;0,771157338492472;-14,2089098204274;0,0949433933212196;0,390867751994641;0,035049133002758;Fixed Shape
879;0,774341736783328;0,768087333978146;-14,2089098204274;0,0949433933212196;0,390867751994641;0,035049133002758;Fixed Shape
880;0,7764506531042;0,76501732946382;-14,2089098204274;0,0949433933212196;0,390867751994641;0,035049133002758;Fixed Shape
881;0,778559569425071;0,761947324949493;-14,2089098204274;0,0949433933212196;0,390867751994641;0,035049133002758;Fixed Shape
882;0,779393223157911;0,753317366634597;-14,2089098204274;0,0949433933212196;0,390867751994641;0,035049133002758;Fixed Shape
883;0,780208947870777;0,744609240479068;-14,2089098204274;0,0949433933212196;0,390867751994641;0,035049133002758;Fixed Shape
884;0,781024672583642;0,73590111432354;-14,2089098204274;0,0949433933212196;0,390867751994641;0,035049133002758;Fixed Shape
885;0,781840397296508;0,727192988168012;-14,2089098204274;0,0949433933212196;0,390867751994641;0,035049133002758;Fixed Shape
886;0,782656122009374;0,718484862012484;-14,2089098204274;0,0949433933212196;0,390867751994641;0,035049133002758;Fixed Shape
887;0,78347184672224;0,709776735856956;-14,2089098204274;0,0949433933212196;0,390867751994641;0,035049133002758;Fixed Shape
888;0,784287571435106;0,701068609701428;-14,2089098204274;0,0949433933212196;0,390867751994641;0,035049133002758;Fixed Shape
889;0,785103296147971;0,6923604835459;-14,2089098204274;0,0949433933212196;0,390867751994641;0,035049133002758;Fixed Shape
890;0,785919020860837;0,683652357390372;-14,2089098204274;0,0949433933212196;0,390867751994641;0,035049133002758;Fixed Shape
891;0,786734745573703;0,674944231234843;-14,2089098204274;0,0949433933212196;0,390867751994641;0,035049133002758;Fixed Shape
892;0,787550470286569;0,666236105079315;-14,2089098204274;0,0949433933212196;0,390867751994641;0,035049133002758;Fixed Shape
893;0,788321167883212;0,657050351966778;-14,2089098204274;0,0949433933212196;0,390867751994641;0,035049133002758;Fixed Shape
894;0,788321167883212;0,639689392917474;-14,2089098204274;0,0949433933212196;0,390867751994641;0,035049133002758;Fixed Shape
895;0,788321167883212;0,622328433868169;-14,2089098204274;0,0949433933212196;0,390867751994641;0,035049133002758;Fixed Shape
896;0,788321167883212;0,604967474818866;-14,2089098204274;0,0949433933212196;0,390867751994641;0,035049133002758;Fixed Shape
897;0,788321167883212;0,587606515769562;-14,2089098204274;0,0949433933212196;0,390867751994641;0,035049133002758;Fixed Shape
898;0,788321167883212;0,570245556720258;-14,2089098204274;0,0949433933212196;0,390867751994641;0,035049133002758;Fixed Shape
899;0,788321167883212;0,552884597670954;-14,2089098204274;0,0949433933212196;0,390867751994641;0,035049133002758;Fixed Shape
900;0,788321167883212;0,53552363862165;-14,2089098204274;0,0949433933212196;0,390867751994641;0,035049133002758;Fixed Shape
901;0,788321167883212;0,519480519480519;-14,2089098204274;0,0949433933212196;0,390867751994641;0,035049133002758;Fixed Shape
902;0,58968058968059;0,528384279475983;-18,5082042535344;0,317;0,316994852270725;-0,27891156462585;Fixed Parallelogram
903;0,584766599493857;0,544395876321689;-17,4112167653527;0,317;0,316994852270725;-0,27891156462585;Fixed Parallelogram
904;0,579852609307125;0,560407473167394;-16,3142292771711;0,317;0,316994852270725;-0,27891156462585;Fixed Parallelogram
905;0,574938619120393;0,5764190700131;-15,2172417889895;0,317;0,316994852270725;-0,27891156462585;Fixed Parallelogram
906;0,570024628933661;0,592430666858806;-14,1202543008078;0,317;0,316994852270725;-0,27891156462585;Fixed Parallelogram
907;0,565110638746929;0,608442263704512;-13,0232668126262;0,317;0,316994852270725;-0,27891156462585;Fixed Parallelogram
907;0,56019656019656;0,624454148471616;-11,9262595983564;0,317;0,316994852270725;-0,27891156462585;Fixed Parallelogram
908;0,555896896101351;0,610262306470524;-10,5397856276169;0,317;0,316994852270725;-0,27891156462585;Fixed Parallelogram
909;0,551597154687961;0,596070209266376;-9,15328672477951;0,317;0,316994852270725;-0,27891156462585;Fixed Parallelogram
910;0,54729741327457;0,581878112062228;-7,76678782194207;0,317;0,316994852270725;-0,27891156462585;Fixed Parallelogram
911;0,542997542997543;0,567685589519651;-6,38024736560793;0,317;0,316994852270725;-0,27891156462585;Fixed Parallelogram
912;0,546682925183047;0,576418926052401;-6,38024736560793;0,317;0,316994852270725;-0,27891156462585;Fixed Parallelogram
913;0,550368417823096;0,585152524331877;-6,38024736560793;0,317;0,316994852270725;-0,27891156462585;Fixed Parallelogram
914;0,554053910463145;0,593886122611353;-6,38024736560793;0,296915183965186;0,316994852270725;-0,27891156462585;Fixed Parallelogram
915;0,557739557739558;0,602620087336245;-6,38024736560793;0,267323798597139;0,316994852270725;-0,27891156462585;Fixed Parallelogram
916;0,576166247757984;0,593886855502184;-6,38024736560793;0,237732413229092;0,316994852270725;-0,27891156462585;Fixed Parallelogram
917;0,59459371095823;0,585153257222708;-6,38024736560793;0,208141027861045;0,316994852270725;-0,27891156462585;Fixed Parallelogram
918;0,613021174158476;0,576419658943232;-6,38024736560793;0,178549642492999;0,316994852270725;-0,27891156462585;Fixed Parallelogram
919;0,631449631449631;0,567685589519651;-6,38024736560793;0,148958257124952;0,316994852270725;-0,27891156462585;Fixed Parallelogram
920;0,631449631449631;0,567685589519651;-6,38024736560793;0,119366871756905;0,316994852270725;-0,27891156462585;Fixed Parallelogram
921;0,631449631449631;0,567685589519651;-6,38024736560793;0,0897754863888579;0,316994852270725;-0,27891156462585;Fixed Parallelogram
922;0,631449631449631;0,567685589519651;-6,38024736560793;0,0601841010208111;0,316994852270725;-0,27891156462585;Fixed Parallelogram
923;0,631449631449631;0,567685589519651;-6,38024736560793;0,0305927156527643;0,316994852270725;-0,27891156462585;Fixed Parallelogram
924;0,631449631449631;0,567685589519651;-6,38024736560793;0,001;0,316994852270725;-0,27891156462585;Fixed Parallelogram
925;0,631449631449631;0,567685589519651;-6,38024736560793;0,001;0,316994852270725;-0,27891156462585;Fixed Parallelogram
929;0,603036547300175;0,512340636503735;-8,25396897438663;0,001;0,42;0,035049133002758;Fixed Parallelogram
930;0,558453654911269;0,535155698025837;-5,890363683209;0,106333017649333;0,42;0,035049133002758;Fixed Parallelogram
931;0,513870762522363;0,557970759547938;-3,52675839203138;0,211666035298666;0,42;0,035049133002758;Fixed Parallelogram
932;0,469287469287469;0,580786026200873;-1,16313184961487;0,317;0,42;0,035049133002758;Fixed Parallelogram
933;0,450245928518428;0,57423588638428;-1,67817716705565;0,324057175301713;0,42;0,035049133002758;Fixed Parallelogram
934;0,431204216544841;0,567685687674673;-2,1932271153244;0,33111441405525;0,42;0,035049133002758;Fixed Parallelogram
934;0,412162504571253;0,561135488965066;-2,70827706359315;0,338171652808787;0,42;0,035049133002758;Fixed Parallelogram
935;0,393120393120393;0,554585152838428;-3,2233270118619;0,345228891562324;0,42;0,035049133002758;Fixed Parallelogram
936;0,382309841509583;0,542358371758952;-3,73837696013065;0,352286130315861;0,42;0,035049133002758;Fixed Parallelogram
937;0,371499063098772;0,530131334167686;-4,2534269083994;0,359343369069398;0,42;0,035049133002758;Fixed Parallelogram
938;0,360688284687961;0,51790429657642;-4,76847685666815;0,366400607822934;0,42;0,035049133002758;Fixed Parallelogram
939;0,34987750627715;0,505677258985153;-5,28352680493689;0,373457846576471;0,42;0,035049133002758;Fixed Parallelogram
940;0,339066339066339;0,493449781659389;-5,79859527651751;0,380515339137304;0,42;0,035049133002758;Fixed Parallelogram
941;0,282557484282558;0,515282992117903;-5,79859527651751;0,340259238047718;0,42;0,035049133002758;Fixed Parallelogram
942;0,226044226044226;0,537117903930131;-5,79859527651751;0,3;0,42;0,035049133002758;Fixed Parallelogram
943;0,194923407474919;0,567684398564913;-5,79859527651751;0,333332034625548;0,42;0,035049133002758;Fixed Parallelogram
944;0,163801283079601;0,598252175766335;-5,79859527651751;0,36666546785948;0,42;0,035049133002758;Fixed Parallelogram
945;0,132678132678133;0,62882096069869;-5,79859527651751;0,4;0,42;0,035049133002758;Fixed Parallelogram
946;0,0749411705970583;0,687770275602427;-5,79859527651751;0,409999550454041;0,42;0,035049133002758;Fixed Parallelogram
947;0,0171990171990172;0,746724890829694;-5,79859527651751;0,42;0,42;0,035049133002758;Fixed Parallelogram
948;-0,0884520884520884;0,759825327510917;-5,79859527651751;0,42;0,42;0,035049133002758;Fixed Parallelogram
949;-0,15355992165356;0,737992182489084;-5,79859527651751;0,42;0,42;0,035049133002758;Fixed Parallelogram
950;-0,218673218673219;0,716157205240175;-5,79859527651751;0,42;0,42;0,035049133002758;Fixed Parallelogram
951;-0,218673218673219;0,716157205240175;-5,79859527651751;0,42;0,42;0,035049133002758;Fixed Parallelogram
