49;0,678966789667897;0,708196721311475;-0,518175703320782;0,058354369614029;0,058354369614029;0,26530612244898;Fixed Parallelogram
50;0,678966789667897;0,708196721311475;-0,518175703320782;0,058354369614029;0,058354369614029;0,26530612244898;Fixed Parallelogram
51;0,678966789667897;0,708196721311475;-0,518175703320782;0,058354369614029;0,058354369614029;0,26530612244898;Fixed Parallelogram
52;0,678966789667897;0,708196721311475;-0,518175703320782;0,058354369614029;0,058354369614029;0,26530612244898;Fixed Parallelogram
53;0,678966789667897;0,708196721311475;-0,518175703320782;0,058354369614029;0,058354369614029;0,26530612244898;Fixed Parallelogram
54;0,678966789667897;0,708196721311475;-0,518175703320782;0,058354369614029;0,058354369614029;0,26530612244898;Fixed Parallelogram
54;0,678966789667897;0,708196721311475;-0,518175703320782;0,058354369614029;0,058354369614029;0,26530612244898;Fixed Parallelogram
55;0,678966789667897;0,708196721311475;-0,518175703320782;0,058354369614029;0,058354369614029;0,26530612244898;Fixed Parallelogram
56;0,678966789667897;0,708196721311475;-0,518175703320782;0,058354369614029;0,058354369614029;0,26530612244898;Fixed Parallelogram
57;0,678966789667897;0,708196721311475;-0,518175703320782;0,058354369614029;0,058354369614029;0,26530612244898;Fixed Parallelogram
58;0,678966789667897;0,708196721311475;-0,518175703320782;0,058354369614029;0,058354369614029;0,26530612244898;Fixed Parallelogram
59;0,678966789667897;0,708196721311475;-0,518175703320782;0,058354369614029;0,058354369614029;0,26530612244898;Fixed Parallelogram
60;0,678966789667897;0,708196721311475;-0,518175703320782;0,058354369614029;0,058354369614029;0,26530612244898;Fixed Parallelogram
61;0,678966789667897;0,708196721311475;-0,518175703320782;0,058354369614029;0,058354369614029;0,26530612244898;Fixed Parallelogram
62;0,678966789667897;0,708196721311475;-0,518175703320782;0,058354369614029;0,058354369614029;0,26530612244898;Fixed Parallelogram
63;0,678966789667897;0,708196721311475;-0,518175703320782;0,058354369614029;0,058354369614029;0,26530612244898;Fixed Parallelogram
64;0,678966789667897;0,708196721311475;-0,518175703320782;0,058354369614029;0,058354369614029;0,26530612244898;Fixed Parallelogram
65;0,678966789667897;0,708196721311475;-0,518175703320782;0,058354369614029;0,058354369614029;0,26530612244898;Fixed Parallelogram
66;0,678966789667897;0,708196721311475;-0,518175703320782;0,058354369614029;0,058354369614029;0,26530612244898;Fixed Parallelogram
67;0,678966789667897;0,708196721311475;-0,518175703320782;0,058354369614029;0,058354369614029;0,26530612244898;Fixed Parallelogram
68;0,678966789667897;0,708196721311475;-0,518175703320782;0,058354369614029;0,058354369614029;0,26530612244898;Fixed Parallelogram
69;0,678341213099631;0,707559198542805;0,385616592161579;0,0580445184049431;0,0579323884682708;0,245945351046263;Fixed Parallelogram
70;0,677559963099631;0,707559198542805;1,32962354737309;0,0575692444094518;0,0576119531225357;0,227502742630183;Fixed Parallelogram
71;0,677559963099631;0,707559198542805;2,00281424904554;0,057072297802899;0,0572452786993728;0,214970205758451;Fixed Parallelogram
72;0,676778713099631;0,708948087431694;2,83976855446598;0,0566163660301832;0,0570804437273262;0,199553875100552;Fixed Parallelogram
73;0,676778713099631;0,708948087431694;3,52430414698897;0,0563269700651437;0,0567829192288168;0,188607003387748;Fixed Parallelogram
74;0,676778713099631;0,710336976320583;4,21721152372198;0,0562205061023792;0,0566293083806502;0,178673250448643;Fixed Parallelogram
75;0,675997463099631;0,710336976320583;5,20198190167378;0,056138173832047;0,0564787200808728;0,163362875428735;Fixed Parallelogram
76;0,675997463099631;0,710336976320583;6,40711392576576;0,0560878826615543;0,0563696857346105;0,148044627007781;Fixed Parallelogram
77;0,675216213099631;0,710336976320583;7,1342140832575;0,05619673614186;0,0564271871960246;0,141600463387309;Fixed Parallelogram
78;0,675216213099631;0,710336976320583;8,2360000091219;0,0563486357198224;0,0564480424320903;0,128561662357985;Fixed Parallelogram
79;0,674434963099631;0,711725865209472;9,32485307851458;0,0567089415744002;0,0567064372765404;0,118406794813215;Fixed Parallelogram
80;0,673653713099631;0,711725865209472;10,6567082703205;0,05703021516428;0,0566557878523261;0,0974125804721702;Fixed Parallelogram
81;0,672872463099631;0,711725865209472;11,4884680567945;0,0569954958570071;0,0569817639570759;0,0895994900136579;Fixed Parallelogram
82;0,672872463099631;0,711725865209472;12,2939698213347;0,0573625076647429;0,0574384296281923;0,0833541851832855;Fixed Parallelogram
83;0,672091213099631;0,711725865209472;12,9941303787186;0,0572776850093168;0,0577978241966045;0,0809711963746089;Fixed Parallelogram
84;0,671309963099631;0,710336976320583;13,903552244181;0,0576429994596142;0,0581641890607265;0,0696552387315172;Fixed Parallelogram
85;0,671309963099631;0,710336976320583;13,903552244181;0,0576429994596142;0,0581641890607265;0,0696552387315172;Fixed Parallelogram
86;0,671309963099631;0,710336976320583;13,903552244181;0,0576429994596142;0,0581641890607265;0,0696552387315172;Fixed Parallelogram
124;0,458596632841328;0,73290072859745;-0,760433630266654;0,108218476422505;0,108218476422505;0,102040816326531;Fixed Parallelogram
125;0,457780788745387;0,731033697632058;-0,896830426918546;0,108218476422505;0,108218476422505;0,102040816326531;Fixed Parallelogram
126;0,457780788745387;0,731033697632058;-0,821852705655606;0,108218476422505;0,108218476422505;0,102040816326531;Fixed Parallelogram
127;0,456999538745387;0,731033697632058;-0,67679006647362;0,108218476422505;0,108218476422505;0,102040816326531;Fixed Parallelogram
128;0,456999538745387;0,731033697632058;-0,552626272027354;0,108218476422505;0,108218476422505;0,102040816326531;Fixed Parallelogram
129;0,456999538745387;0,731033697632058;-0,40546372320156;0,108218476422505;0,108218476422505;0,102040816326531;Fixed Parallelogram
129;0,456218288745387;0,729644808743169;-0,394059985335443;0,108218476422505;0,108218476422505;0,102040816326531;Fixed Parallelogram
130;0,456218288745387;0,729644808743169;-0,36131991044097;0,108218476422505;0,108218476422505;0,102040816326531;Fixed Parallelogram
131;0,456218288745387;0,729644808743169;-0,381005119273595;0,108218476422505;0,108218476422505;0,102040816326531;Fixed Parallelogram
132;0,455437038745387;0,728255919854281;-0,323506925983881;0,108218476422505;0,108218476422505;0,102040816326531;Fixed Parallelogram
133;0,455437038745387;0,728255919854281;-0,456310362781472;0,108218476422505;0,108218476422505;0,102040816326531;Fixed Parallelogram
134;0,455437038745387;0,726867030965392;-0,444098019563549;0,108218476422505;0,108218476422505;0,102040816326531;Fixed Parallelogram
135;0,455437038745387;0,726867030965392;-0,383152988651466;0,108218476422505;0,108218476422505;0,102040816326531;Fixed Parallelogram
136;0,454655788745387;0,725478142076503;-0,518175703320782;0,108218476422505;0,108218476422505;0,102040816326531;Fixed Parallelogram
137;0,454655788745387;0,724089253187614;-0,60546895601845;0,108218476422505;0,108218476422505;0,102040816326531;Fixed Parallelogram
138;0,454655788745387;0,724089253187614;-0,494928647552541;0,108218476422505;0,108218476422505;0,102040816326531;Fixed Parallelogram
139;0,454655788745387;0,724089253187614;-0,292606891712112;0,108218476422505;0,108218476422505;0,102040816326531;Fixed Parallelogram
140;0,454655788745387;0,722700364298725;-0,327537893190159;0,108218476422505;0,108218476422505;0,102040816326531;Fixed Parallelogram
141;0,453874538745387;0,722700364298725;-0,330119059780491;0,108218476422505;0,108218476422505;0,102040816326531;Fixed Parallelogram
142;0,453874538745387;0,721311475409836;-0,202321431273006;0,108218476422505;0,108218476422505;0,102040816326531;Fixed Parallelogram
143;0,453874538745387;0,721311475409836;-0,0733661123816293;0,108218476422505;0,108218476422505;0,102040816326531;Fixed Parallelogram
144;0,453874538745387;0,719922586520947;-0,103127294318105;0,108218476422505;0,108218476422505;0,102040816326531;Fixed Parallelogram
145;0,453874538745387;0,719922586520947;0,023041574196171;0,108218476422505;0,108218476422505;0,102040816326531;Fixed Parallelogram
146;0,453874538745387;0,718533697632058;0,0797230329416457;0,108218476422505;0,108218476422505;0,102040816326531;Fixed Parallelogram
147;0,453874538745387;0,718533697632058;0,175978821181586;0,108218476422505;0,108218476422505;0,102040816326531;Fixed Parallelogram
148;0,453093327378648;0,716797672372638;0,257885888039233;0,108218476422505;0,108218476422505;0,102040816326531;Fixed Parallelogram
149;0,452312078549353;0,715061563863094;0,339796882704672;0,108218476422505;0,108218476422505;0,102040816326531;Fixed Parallelogram
150;0,451530829720058;0,713325455353549;0,421707877370111;0,108218476422505;0,108218476422505;0,102040816326531;Fixed Parallelogram
151;0,450749538745387;0,711589253187614;0,503623290819315;0,108218476422505;0,108218476422505;0,102040816326531;Fixed Parallelogram
152;0,450749538745387;0,711589253187614;0,556039423160143;0,108218476422505;0,108218476422505;0,102040816326531;Fixed Parallelogram
153;0,450749538745387;0,711589253187614;0,537662812538436;0,108218476422505;0,108218476422505;0,102040816326531;Fixed Parallelogram
154;0,450749538745387;0,711589253187614;0,412365967082101;0,108218476422505;0,108218476422505;0,102040816326531;Fixed Parallelogram
155;0,451530788745387;0,711589253187614;0,518228796585741;0,108218476422505;0,108218476422505;0,102040816326531;Fixed Parallelogram
156;0,451530788745387;0,711589253187614;0,914114831811878;0,108218476422505;0,108218476422505;0,102040816326531;Fixed Parallelogram
157;0,451530788745387;0,712978142076503;1,15155107042302;0,108218476422505;0,108218476422505;0,102040816326531;Fixed Parallelogram
158;0,451530788745387;0,712978142076503;1,4360202317827;0,108218476422505;0,108218476422505;0,102040816326531;Fixed Parallelogram
159;0,451530788745387;0,712978142076503;1,66810456361189;0,108218476422505;0,108218476422505;0,102040816326531;Fixed Parallelogram
160;0,451530788745387;0,712978142076503;1,66810456361189;0,108218476422505;0,108218476422505;0,102040816326531;Fixed Parallelogram
161;0,451530788745387;0,712978142076503;1,66810456361189;0,108218476422505;0,108218476422505;0,102040816326531;Fixed Parallelogram
162;-0,268;0,728;-1,38177021426032;0,414696723071204;0,415;0,113803133368492;Fixed Parallelogram
163;-0,257487687406462;0,727993097510908;-1,38177021426032;0,414696723071204;0,415;0,113803133368492;Fixed Parallelogram
164;-0,246975374812923;0,727986195021817;-1,38177021426032;0,414696723071204;0,415;0,113803133368492;Fixed Parallelogram
165;-0,236463062219385;0,727979292532725;-1,38177021426032;0,414696723071204;0,415;0,113803133368492;Fixed Parallelogram
166;-0,225950749625846;0,727972390043633;-1,38177021426032;0,414696723071204;0,415;0,113803133368492;Fixed Parallelogram
167;-0,215438437032308;0,727965487554542;-1,38177021426032;0,414696723071204;0,415;0,113803133368492;Fixed Parallelogram
167;-0,20492612443877;0,72795858506545;-1,38177021426032;0,414696723071204;0,415;0,113803133368492;Fixed Parallelogram
168;-0,194413811845231;0,727951682576358;-1,38177021426032;0,414696723071204;0,415;0,113803133368492;Fixed Parallelogram
169;-0,183901499251693;0,727944780087267;-1,38177021426032;0,414696723071204;0,415;0,113803133368492;Fixed Parallelogram
170;-0,173389186658154;0,727937877598175;-1,38177021426032;0,414696723071204;0,415;0,113803133368492;Fixed Parallelogram
171;-0,162876874064616;0,727930975109083;-1,38177021426032;0,414696723071204;0,415;0,113803133368492;Fixed Parallelogram
172;-0,152364561471077;0,727924072619992;-1,38177021426032;0,414696723071204;0,415;0,113803133368492;Fixed Parallelogram
173;-0,141852248877539;0,7279171701309;-1,38177021426032;0,414696723071204;0,415;0,113803133368492;Fixed Parallelogram
174;-0,131339936284001;0,727910267641808;-1,38177021426032;0,414696723071204;0,415;0,113803133368492;Fixed Parallelogram
175;-0,120827623690462;0,727903365152717;-1,38177021426032;0,414696723071204;0,415;0,113803133368492;Fixed Parallelogram
176;-0,110315311096924;0,727896462663625;-1,38177021426032;0,414696723071204;0,415;0,113803133368492;Fixed Parallelogram
177;-0,0998029985033854;0,727889560174533;-1,38177021426032;0,414696723071204;0,415;0,113803133368492;Fixed Parallelogram
178;-0,089290685909847;0,727882657685442;-1,38177021426032;0,414696723071204;0,415;0,113803133368492;Fixed Parallelogram
179;-0,0787783733163086;0,72787575519635;-1,38177021426032;0,414696723071204;0,415;0,113803133368492;Fixed Parallelogram
180;-0,0682656826568266;0,727868852459016;-1,38177021426032;0,414696723071204;0,415;0,113803133368492;Fixed Parallelogram
181;-0,0682656826568266;0,727868852459016;-1,38177021426032;0,414696723071204;0,415;0,113803133368492;Fixed Parallelogram
182;0,144634008407593;0,740204366048177;26,2103062323376;0,0819129414082521;0,128172074765414;-0,0922284796833992;Fixed Parallelogram
183;0,144686292808867;0,738032318405328;26,2103062323376;0,0819129414082521;0,128172074765414;-0,0922284796833992;Fixed Parallelogram
184;0,144738577210142;0,735860270762478;26,2103062323376;0,0819129414082521;0,128172074765414;-0,0922284796833992;Fixed Parallelogram
185;0,144790861611417;0,733688223119629;26,2103062323376;0,0819129414082521;0,128172074765414;-0,0922284796833992;Fixed Parallelogram
186;0,144843146012692;0,73151617547678;26,2103062323376;0,0819129414082521;0,128172074765414;-0,0922284796833992;Fixed Parallelogram
187;0,144895430413966;0,72934412783393;26,2103062323376;0,0819129414082521;0,128172074765414;-0,0922284796833992;Fixed Parallelogram
187;0,144947714815241;0,727172080191081;26,2103062323376;0,0819129414082521;0,128172074765414;-0,0922284796833992;Fixed Parallelogram
188;0,145;0,725;26,2103062323376;0,0819129414082521;0,128172074765414;-0,0922284796833992;Fixed Parallelogram
189;0,145;0,725;26,2103062323376;0,0819129414082521;0,128172074765414;-0,0922284796833992;Fixed Parallelogram
190;0,120184016227722;0,744326549106174;19,8489395394073;0,111833565320947;0,147171577129861;-0,0616715215146542;Fixed Parallelogram
191;0,120157728251466;0,741137048918835;19,8489395394073;0,111833565320947;0,147171577129861;-0,0616715215146542;Fixed Parallelogram
192;0,120131440275209;0,737947548731497;19,8489395394073;0,111833565320947;0,147171577129861;-0,0616715215146542;Fixed Parallelogram
193;0,120105152298953;0,734758048544158;19,8489395394073;0,111833565320947;0,147171577129861;-0,0616715215146542;Fixed Parallelogram
194;0,120078864322696;0,73156854835682;19,8489395394073;0,111833565320947;0,147171577129861;-0,0616715215146542;Fixed Parallelogram
195;0,12005257634644;0,728379048169481;19,8489395394073;0,111833565320947;0,147171577129861;-0,0616715215146542;Fixed Parallelogram
195;0,120026288370183;0,725189547982142;19,8489395394073;0,111833565320947;0,147171577129861;-0,0616715215146542;Fixed Parallelogram
196;0,12;0,722;19,8489395394073;0,111833565320947;0,147171577129861;-0,0616715215146542;Fixed Parallelogram
197;0,12;0,722;19,8489395394073;0,111833565320947;0,147171577129861;-0,0616715215146542;Fixed Parallelogram
198;0,511070110701107;0,567213114754098;0;0,323;0,723;0;Fixed Parallelogram
199;0,50721286900369;0,636725865209472;0;0,334111088911089;0,725777772227772;0;Fixed Parallelogram
200;0,50721286900369;0,632559198542805;0;0,345222177822178;0,728555544455544;0;Fixed Parallelogram
201;0,49705661900369;0,617281420765027;0;0,356333266733267;0,731333316683317;0;Fixed Parallelogram
202;0,49705661900369;0,61450364298725;0;0,367444355644356;0,734111088911089;0;Fixed Parallelogram
203;0,49861911900369;0,611725865209472;0;0,378555444555445;0,736888861138861;0;Fixed Parallelogram
203;0,50018161900369;0,610336976320583;0;0,389666533466533;0,739666633366633;0;Fixed Parallelogram
204;0,50252536900369;0,608948087431694;0;0,400777622377622;0,742444405594406;0;Fixed Parallelogram
205;0,50565036900369;0,608948087431694;0;0,411888711288711;0,745222177822178;0;Fixed Parallelogram
206;0,50955661900369;0,607559198542805;0;0,4229998001998;0,74799995004995;0;Fixed Parallelogram
207;0,51424411900369;0,607559198542805;0;0,434110889110889;0,750777722277722;0;Fixed Parallelogram
208;0,51815036900369;0,607559198542805;0;0,445221978021978;0,753555494505495;0;Fixed Parallelogram
209;0,52283786900369;0,608948087431694;0;0,456333066933067;0,756333266733267;0;Fixed Parallelogram
210;0,52752536900369;0,610336976320583;0;0,467444155844156;0,759111038961039;0;Fixed Parallelogram
211;0,53221286900369;0,611725865209472;0;0,478555244755245;0,761888811188811;0;Fixed Parallelogram
212;0,53690036900369;0,613114754098361;0;0,489666333666334;0,764666583416583;0;Fixed Parallelogram
213;0,54236911900369;0,611725865209472;0;0,500777422577423;0,767444355644356;0;Fixed Parallelogram
214;0,555782979704797;0,624157559198543;0;0,511888511488511;0,770222127872128;0;Fixed Parallelogram
215;0,56033786900369;0,624225865209472;0;0,5229996003996;0,7729999000999;0;Fixed Parallelogram
216;0,56502536900369;0,625614754098361;0;0,534110689310689;0,775777672327672;0;Fixed Parallelogram
217;0,55799411900369;0,61450364298725;0;0,545221778221778;0,778555444555445;0;Fixed Parallelogram
218;0,56111911900369;0,61450364298725;0;0,556332867132867;0,781333216783217;0;Fixed Parallelogram
219;0,56190036900369;0,613114754098361;0;0,567443956043956;0,784110989010989;0;Fixed Parallelogram
220;0,56424411900369;0,61450364298725;0;0,578555044955045;0,786888761238761;0;Fixed Parallelogram
221;0,56580661900369;0,61450364298725;0;0,589666133866134;0,789666533466533;0;Fixed Parallelogram
222;0,56658786900369;0,613114754098361;0;0,600777222777223;0,792444305694306;0;Fixed Parallelogram
223;0,56736911900369;0,611725865209472;0;0,611888311688312;0,795222077922078;0;Fixed Parallelogram
224;0,56580661900369;0,610336976320583;0;0,622999400599401;0,79799985014985;0;Fixed Parallelogram
225;0,56580661900369;0,607559198542805;0;0,634110489510489;0,800777622377622;0;Fixed Parallelogram
226;0,56502536900369;0,606170309653916;0;0,645221578421578;0,803555394605395;0;Fixed Parallelogram
227;0,56346286900369;0,604781420765027;0;0,656332667332667;0,806333166833167;0;Fixed Parallelogram
228;0,56190036900369;0,603392531876139;0;0,667443756243756;0,809110939060939;0;Fixed Parallelogram
229;0,55955661900369;0,600614754098361;0;0,678554845154845;0,811888711288711;0;Fixed Parallelogram
230;0,55643161900369;0,599225865209472;0;0,689665934065934;0,814666483516483;0;Fixed Parallelogram
231;0,55408786900369;0,597836976320583;0;0,700777022977023;0,817444255744256;0;Fixed Parallelogram
232;0,55096286900369;0,595059198542805;0;0,711888111888112;0,820222027972028;0;Fixed Parallelogram
233;0,55096286900369;0,595059198542805;0;0,723;0,823;0;Fixed Parallelogram
234;0,55096286900369;0,595059198542805;0;0,723;0,823;0;Fixed Parallelogram
235;0,003690036900369;0,819672131147541;0,434396322633535;0,325559564427597;0,326250893644084;0,116761557757854;Fixed Parallelogram
236;0,003690036900369;0,819672131147541;0,434396322633535;0,325559564427597;0,326250893644084;0,100233145896955;Fixed Parallelogram
237;0,003690036900369;0,819672131147541;0,434396322633535;0,325559564427597;0,326250893644084;0,083704734036055;Fixed Parallelogram
238;0,003690036900369;0,819672131147541;0,434396322633535;0,325559564427597;0,326250893644084;0,0671763221751552;Fixed Parallelogram
239;0,003690036900369;0,819672131147541;0,434396322633535;0,325559564427597;0,326250893644084;0,0506479103142555;Fixed Parallelogram
240;0,003690036900369;0,819672131147541;0,434396322633535;0,325559564427597;0,326250893644084;0,0341194984533557;Fixed Parallelogram
240;0,003690036900369;0,819672131147541;0,434396322633535;0,325559564427597;0,326250893644084;0,017591086592456;Fixed Parallelogram
241;0,003690036900369;0,819672131147541;0,434396322633535;0,325559564427597;0,326250893644084;0,00106267473155625;Fixed Parallelogram
242;0,003690036900369;0,819672131147541;0,434396322633535;0,325559564427597;0,326250893644084;-0,0154657371293435;Fixed Parallelogram
243;0,003690036900369;0,819672131147541;0,434396322633535;0,325559564427597;0,326250893644084;-0,0319941489902432;Fixed Parallelogram
244;0,003690036900369;0,819672131147541;0,434396322633535;0,325559564427597;0,326250893644084;-0,048522560851143;Fixed Parallelogram
245;0,003690036900369;0,819672131147541;0,434396322633535;0,325559564427597;0,326250893644084;-0,0650509727120427;Fixed Parallelogram
246;0,003690036900369;0,819672131147541;0,434396322633535;0,325559564427597;0,326250893644084;-0,0815793845729425;Fixed Parallelogram
247;0,003690036900369;0,819672131147541;0,434396322633535;0,325559564427597;0,326250893644084;-0,0981077964338422;Fixed Parallelogram
248;0,003690036900369;0,819672131147541;0,434396322633535;0,325559564427597;0,326250893644084;-0,114636208294742;Fixed Parallelogram
249;0,003690036900369;0,819672131147541;0,434396322633535;0,325559564427597;0,326250893644084;-0,131164620155642;Fixed Parallelogram
250;0,003690036900369;0,819672131147541;0,434396322633535;0,325559564427597;0,326250893644084;-0,147693032016541;Fixed Parallelogram
251;0,003690036900369;0,819672131147541;0,434396322633535;0,325559564427597;0,326250893644084;-0,164221443877441;Fixed Parallelogram
252;0,003690036900369;0,819672131147541;0,434396322633535;0,325559564427597;0,326250893644084;-0,180749855738341;Fixed Parallelogram
253;0,003690036900369;0,819672131147541;0,434396322633535;0,325559564427597;0,326250893644084;-0,197278911564626;Fixed Parallelogram
254;0,003690036900369;0,819672131147541;0,434396322633535;0,325559564427597;0,326250893644084;-0,197278911564626;Fixed Parallelogram
291;0,72140221402214;0,763934426229508;0,434396322633535;0,15;0,2;0,197278911564626;Fixed Parallelogram
292;0,731549785085793;0,763387979779781;0,434396322633535;0,15;0,2;0,197278911564626;Fixed Parallelogram
293;0,741697356149446;0,762841533330055;0,434396322633535;0,15;0,2;0,197278911564626;Fixed Parallelogram
294;0,751844927213099;0,762295086880328;0,434396322633535;0,15;0,2;0,197278911564626;Fixed Parallelogram
295;0,761992498276753;0,761748640430601;0,434396322633535;0,15;0,2;0,197278911564626;Fixed Parallelogram
296;0,772140069340406;0,761202193980874;0,434396322633535;0,15;0,2;0,197278911564626;Fixed Parallelogram
296;0,782287822878229;0,760655737704918;0,434396322633535;0,15;0,2;0,197278911564626;Fixed Parallelogram
297;0,790897728348093;0,762841484198907;0,434396322633535;0,15;0,2;0,197278911564626;Fixed Parallelogram
298;0,799507788644526;0,765027269997814;0,434396322633535;0,15;0,2;0,197278911564626;Fixed Parallelogram
299;0,808117848940959;0,767213055796721;0,434396322633535;0,15;0,2;0,197278911564626;Fixed Parallelogram
300;0,816727909237392;0,769398841595628;0,434396322633535;0,15;0,2;0,197278911564626;Fixed Parallelogram
301;0,825337969533825;0,771584627394535;0,434396322633535;0,15;0,2;0,197278911564626;Fixed Parallelogram
302;0,833948029830258;0,773770413193443;0,434396322633535;0,15;0,2;0,197278911564626;Fixed Parallelogram
303;0,842558090126691;0,77595619899235;0,434396322633535;0,15;0,2;0,197278911564626;Fixed Parallelogram
304;0,851168150423124;0,778141984791257;0,434396322633535;0,15;0,2;0,197278911564626;Fixed Parallelogram
305;0,859778597785978;0,780327868852459;0,434396322633535;0,15;0,2;0,197278911564626;Fixed Parallelogram
306;0,862084760258302;0,783059978273224;0,434396322633535;0,15;0,2;0,197278911564626;Fixed Parallelogram
307;0,864391026409133;0,785792210521858;0,434396322633535;0,15;0,2;0,197278911564626;Fixed Parallelogram
308;0,866697292559963;0,788524442770492;0,434396322633535;0,15;0,2;0,197278911564626;Fixed Parallelogram
309;0,869003558710793;0,791256675019125;0,434396322633535;0,15;0,2;0,197278911564626;Fixed Parallelogram
310;0,871309824861623;0,793988907267759;0,434396322633535;0,15;0,2;0,197278911564626;Fixed Parallelogram
311;0,873616091012454;0,796721139516393;0,434396322633535;0,15;0,2;0,197278911564626;Fixed Parallelogram
312;0,875922357163284;0,799453371765027;0,434396322633535;0,15;0,2;0,197278911564626;Fixed Parallelogram
313;0,878228623314114;0,802185604013661;0,434396322633535;0,15;0,2;0,197278911564626;Fixed Parallelogram
314;0,880534889464945;0,804917836262295;0,434396322633535;0,15;0,2;0,197278911564626;Fixed Parallelogram
315;0,882841155615775;0,807650068510929;0,434396322633535;0,15;0,2;0,197278911564626;Fixed Parallelogram
316;0,885147421766605;0,810382300759563;0,434396322633535;0,15;0,2;0,197278911564626;Fixed Parallelogram
317;0,887453874538745;0,813114754098361;0,434396322633535;0,15;0,2;0,197278911564626;Fixed Parallelogram
318;0,887453874538745;0,813114754098361;0,434396322633535;0,15;0,2;0,197278911564626;Fixed Parallelogram
319;0,887453874538745;0,813114754098361;0,434396322633535;0,15;0,2;0,197278911564626;Fixed Parallelogram
320;0,887453874538745;0,813114754098361;0,434396322633535;0,15;0,2;0,197278911564626;Fixed Parallelogram
321;0,887453874538745;0,813114754098361;0,434396322633535;0,15;0,2;0,197278911564626;Fixed Parallelogram
322;0,887453874538745;0,813114754098361;0,434396322633535;0,15;0,2;0,197278911564626;Fixed Parallelogram
323;0,887453874538745;0,813114754098361;0,434396322633535;0,15;0,2;0,197278911564626;Fixed Parallelogram
324;0,0738007380073801;0,770491803278688;0,2;0,15;0,075;0;Fixed Parallelogram
325;0,0716517470816534;0,770109917022379;-0,988048143378714;0,15;0,075499999010989;0;Fixed Parallelogram
326;0,0695027561559268;0,76972803076607;-2,17609628675743;0,15;0,075999998021978;0;Fixed Parallelogram
327;0,0673537652302002;0,76934614450976;-3,36414443013614;0,15;0,076499997032967;0;Fixed Parallelogram
328;0,0652047743044735;0,768964258253451;-4,55219257351486;0,15;0,076999996043956;0;Fixed Parallelogram
329;0,0630557833787469;0,768582371997141;-5,74024071689357;0,15;0,077499995054945;0;Fixed Parallelogram
329;0,0609067924530202;0,768200485740832;-6,92828886027229;0,15;0,0779999940659339;0;Fixed Parallelogram
330;0,0587578015272936;0,767818599484522;-8,116337003651;0,15;0,0784999930769229;0;Fixed Parallelogram
331;0,056608810601567;0,767436713228213;-9,30438514702972;0,15;0,0789999920879119;0;Fixed Parallelogram
332;0,055038514179379;0,76762899667568;-10,0967773718087;0,15;0,0794999910989009;0;Fixed Parallelogram
333;0,0542856858281656;0,768632356429019;-10,3302631639716;0,15;0,0799999901098899;0;Fixed Parallelogram
334;0,0535328574769521;0,769635716182357;-10,5637489561345;0,15;0,0804999891208789;0;Fixed Parallelogram
335;0,0527800291257387;0,770639075935696;-10,7972347482974;0,15;0,0809999881318679;0;Fixed Parallelogram
336;0,0520272007745252;0,771642435689034;-11,0307205404603;0,15;0,0814999871428569;0;Fixed Parallelogram
337;0,0512743724233117;0,772645795442373;-11,2642063326232;0,15;0,0819999861538459;0;Fixed Parallelogram
338;0,0505215440720983;0,773649155195712;-11,4976921247861;0,15;0,0824999851648349;0;Fixed Parallelogram
339;0,0497687157208848;0,77465251494905;-11,731177916949;0,15;0,0829999841758239;0;Fixed Parallelogram
340;0,0490158873696714;0,775655874702389;-11,9646637091119;0,15;0,0834999831868129;0;Fixed Parallelogram
341;0,0482630590184579;0,776659234455727;-12,1981495012748;0,15;0,0839999821978018;0;Fixed Parallelogram
342;0,0483590514158968;0,776013413766806;-12,4316352934376;0,15;0,0844999812087908;0;Fixed Parallelogram
343;0,0489946373198912;0,774319212652224;-12,6651210856005;0,15;0,0849999802197798;0;Fixed Parallelogram
344;0,0496302232238856;0,772625011537643;-12,8986068777634;0,15;0,0854999792307688;0;Fixed Parallelogram
345;0,05026580912788;0,770930810423061;-13,1320926699263;0,15;0,0859999782417578;0;Fixed Parallelogram
346;0,0509013950318744;0,769236609308479;-13,3655784620892;0,15;0,0864999772527468;0;Fixed Parallelogram
347;0,0515369809358688;0,767542408193897;-13,5990642542521;0,15;0,0869999762637358;0;Fixed Parallelogram
348;0,0521725668398632;0,765848207079316;-13,832550046415;0,15;0,0874999752747248;0;Fixed Parallelogram
349;0,0528081527438575;0,764154005964734;-14,0660358385779;0,15;0,0879999742857138;0;Fixed Parallelogram
350;0,0534437386478519;0,762459804850152;-14,2995216307408;0,15;0,0884999732967028;0;Fixed Parallelogram
351;0,0540793245518463;0,76076560373557;-14,5330074229037;0,15;0,0889999723076918;0;Fixed Parallelogram
352;0,0547149104558407;0,759071402620988;-14,7664932150666;0,15;0,0894999713186807;0;Fixed Parallelogram
353;0,0553505535055351;0,757377049180328;-15;0,15;0,0899999703296697;0;Fixed Parallelogram
354;0,0555182675120805;0,758569193331772;-14,7826283546612;0,15;0,0904999693406587;0;Fixed Parallelogram
355;0,0556859965991933;0,759761444678856;-14,5652371636218;0,15;0,0909999683516477;0;Fixed Parallelogram
356;0,0558537256863061;0,76095369602594;-14,3478459725823;0,15;0,0914999673626367;0;Fixed Parallelogram
357;0,056021454773419;0,762145947373024;-14,1304547815429;0,15;0,0919999663736257;0;Fixed Parallelogram
358;0,0561891838605318;0,763338198720108;-13,9130635905035;0,15;0,0924999653846147;0;Fixed Parallelogram
359;0,0563569129476447;0,764530450067192;-13,6956723994641;0,15;0,0929999643956037;0;Fixed Parallelogram
360;0,0565246420347575;0,765722701414276;-13,4782812084247;0,15;0,0934999634065927;0;Fixed Parallelogram
361;0,0566923711218703;0,76691495276136;-13,2608900173852;0,15;0,0939999624175817;0;Fixed Parallelogram
362;0,0568601002089832;0,768107204108444;-13,0434988263458;0,15;0,0944999614285707;0;Fixed Parallelogram
363;0,057027829296096;0,769299455455528;-12,8261076353064;0,15;0,0949999604395597;0;Fixed Parallelogram
364;0,0571955719557196;0,770491803278688;-12,608716444267;0,15;0,0954999594505486;0;Fixed Parallelogram
365;0,0596553925779018;0,773041682907257;-12,3913252532276;0,15;0,0959999584615376;0;Fixed Parallelogram
366;0,0621154122630137;0,775591768886851;-12,1739340621882;0,15;0,0964999574725266;0;Fixed Parallelogram
367;0,0645754319481257;0,778141854866445;-11,9565428711487;0,15;0,0969999564835156;0;Fixed Parallelogram
368;0,0670354516332376;0,780691940846039;-11,7391516801093;0,15;0,0974999554945046;0;Fixed Parallelogram
369;0,0694954713183495;0,783242026825633;-11,5217604890699;0,15;0,0979999545054936;0;Fixed Parallelogram
370;0,0719554910034615;0,785792112805228;-11,3043692980305;0,15;0,0984999535164826;0;Fixed Parallelogram
371;0,0744155106885734;0,788342198784822;-11,0869781069911;0,15;0,0989999525274716;0;Fixed Parallelogram
372;0,0768755303736854;0,790892284764416;-10,8695869159517;0,15;0,0994999515384606;0;Fixed Parallelogram
373;0,0793357933579336;0,79344262295082;-10,6521957249122;0,15;0,1;0;Fixed Parallelogram
374;0,082410516912055;0,792349835956502;-10,4348045338728;0,15;0,1;0;Fixed Parallelogram
375;0,0854855445904007;0,791256940873444;-10,2174133428334;0,15;0,1;0;Fixed Parallelogram
376;0,0885608856088561;0,790163934426229;-10;0,15;0,1;0;Fixed Parallelogram
377;0,0885608856088561;0,790163934426229;-10;0,15;0,1;0;Fixed Parallelogram
378;0,0885608856088561;0,790163934426229;-10;0,15;0,1;0;Fixed Parallelogram
379;-0,0682656826568266;0,727868852459016;-1,38177021426032;0,414696723071204;0,415;0,113803133368492;Fixed Parallelogram
380;-0,0682656826568266;0,72213116043792;-1,38177021426032;0,414696723071204;0,415;0,113803133368492;Fixed Parallelogram
381;-0,0682656826568266;0,716393468416823;-1,38177021426032;0,414696723071204;0,415;0,113803133368492;Fixed Parallelogram
382;-0,0682656826568266;0,710655776395726;-1,38177021426032;0,414696723071204;0,415;0,113803133368492;Fixed Parallelogram
383;-0,0682656826568266;0,704918032786885;-1,38177021426032;0,414696723071204;0,415;0,113803133368492;Fixed Parallelogram
384;-0,0709493129541732;0,707302504296987;-1,38177021426032;0,414696723071204;0,415;0,113803133368492;Fixed Parallelogram
384;-0,0736329673803291;0,709686997246128;-1,38177021426032;0,414696723071204;0,415;0,113803133368492;Fixed Parallelogram
385;-0,076316621806485;0,71207149019527;-1,38177021426032;0,414696723071204;0,415;0,113803133368492;Fixed Parallelogram
386;-0,0790002762326409;0,714455983144412;-1,38177021426032;0,414696723071204;0,415;0,113803133368492;Fixed Parallelogram
387;-0,0816839306587968;0,716840476093554;-1,38177021426032;0,414696723071204;0,415;0,113803133368492;Fixed Parallelogram
388;-0,0843675850849527;0,719224969042696;-1,38177021426032;0,414696723071204;0,415;0,113803133368492;Fixed Parallelogram
389;-0,0870512395111086;0,721609461991838;-1,38177021426032;0,414696723071204;0,415;0,113803133368492;Fixed Parallelogram
390;-0,0897348939372645;0,723993954940979;-1,38177021426032;0,414696723071204;0,415;0,113803133368492;Fixed Parallelogram
391;-0,0924185483634204;0,726378447890121;-1,38177021426032;0,414696723071204;0,415;0,113803133368492;Fixed Parallelogram
392;-0,0951022027895763;0,728762940839263;-1,38177021426032;0,414696723071204;0,415;0,113803133368492;Fixed Parallelogram
393;-0,0977859778597786;0,731147540983607;-1,38177021426032;0,414696723071204;0,415;0,113803133368492;Fixed Parallelogram
394;-0,102657415390178;0,733878267292553;-1,38177021426032;0,414696723071204;0,415;0,113803133368492;Fixed Parallelogram
395;-0,107529071926553;0,736609116367187;-1,38177021426032;0,414696723071204;0,415;0,113803133368492;Fixed Parallelogram
396;-0,112400728462928;0,739339965441821;-1,38177021426032;0,414696723071204;0,415;0,113803133368492;Fixed Parallelogram
397;-0,117272384999303;0,742070814516456;-1,38177021426032;0,414696723071204;0,415;0,113803133368492;Fixed Parallelogram
398;-0,122144041535678;0,74480166359109;-1,38177021426032;0,414696723071204;0,415;0,113803133368492;Fixed Parallelogram
399;-0,127015698072054;0,747532512665724;-1,38177021426032;0,414696723071204;0,415;0,113803133368492;Fixed Parallelogram
400;-0,131887354608429;0,750263361740359;-1,38177021426032;0,414696723071204;0,415;0,113803133368492;Fixed Parallelogram
401;-0,136759011144804;0,752994210814993;-1,38177021426032;0,414696723071204;0,415;0,113803133368492;Fixed Parallelogram
402;-0,141630901287554;0,755725190839695;-1,38177021426032;0,414696723071204;0,415;0,113803133368492;Fixed Parallelogram
403;-0,1373392916085;0,757633482929808;-1,38177021426032;0,414696723071204;0,415;0,113803133368492;Fixed Parallelogram
404;-0,133047476127693;0,759541866531007;-1,38177021426032;0,414696723071204;0,415;0,113803133368492;Fixed Parallelogram
405;-0,128755660646887;0,761450250132205;-1,38177021426032;0,414696723071204;0,415;0,113803133368492;Fixed Parallelogram
406;-0,12446384516608;0,763358633733403;-1,38177021426032;0,414696723071204;0,415;0,113803133368492;Fixed Parallelogram
407;-0,120172029685274;0,765267017334602;-1,38177021426032;0,414696723071204;0,415;0,113803133368492;Fixed Parallelogram
408;-0,11587982832618;0,767175572519084;-1,38177021426032;0,414696723071204;0,415;0,113803133368492;Fixed Parallelogram
409;-0,11258284717733;0,764773919702721;-1,38177021426032;0,414696723071204;0,415;0,113803133368492;Fixed Parallelogram
410;-0,10928556956936;0,762372050933689;-1,38177021426032;0,414696723071204;0,415;0,113803133368492;Fixed Parallelogram
411;-0,105988291961391;0,759970182164657;-1,38177021426032;0,414696723071204;0,415;0,113803133368492;Fixed Parallelogram
412;-0,102691014353422;0,757568313395625;-1,38177021426032;0,414696723071204;0,415;0,113803133368492;Fixed Parallelogram
413;-0,0993937367454527;0,755166444626593;-1,38177021426032;0,414696723071204;0,415;0,113803133368492;Fixed Parallelogram
414;-0,0960964591374835;0,752764575857562;-1,38177021426032;0,414696723071204;0,415;0,113803133368492;Fixed Parallelogram
415;-0,0927991815295143;0,75036270708853;-1,38177021426032;0,414696723071204;0,415;0,113803133368492;Fixed Parallelogram
416;-0,0895019039215451;0,747960838319498;-1,38177021426032;0,414696723071204;0,415;0,113803133368492;Fixed Parallelogram
417;-0,0862046263135759;0,745558969550466;-1,38177021426032;0,414696723071204;0,415;0,113803133368492;Fixed Parallelogram
418;-0,0829073487056066;0,743157100781434;-1,38177021426032;0,414696723071204;0,415;0,113803133368492;Fixed Parallelogram
419;-0,0796100710976374;0,740755232012402;-1,38177021426032;0,414696723071204;0,415;0,113803133368492;Fixed Parallelogram
420;-0,0763127934896682;0,738353363243371;-1,38177021426032;0,414696723071204;0,415;0,113803133368492;Fixed Parallelogram
421;-0,073015515881699;0,735951494474339;-1,38177021426032;0,414696723071204;0,415;0,113803133368492;Fixed Parallelogram
422;-0,0697182382737298;0,733549625705307;-1,38177021426032;0,414696723071204;0,415;0,113803133368492;Fixed Parallelogram
423;-0,0664206642066421;0,731147540983607;-1,38177021426032;0,414696723071204;0,415;0,113803133368492;Fixed Parallelogram
424;0,143507841328413;0,764093806921676;0,251090176569763;0,0972366574633504;0,0972366574633504;0,113803133368492;Fixed Shape
425;0,143130189114391;0,762659380692168;0,474240300799455;0,0972366574633504;0,0972366574633504;0,113803133368492;Fixed Shape
426;0,142348939114391;0,765437158469945;1,01401094099852;0,0972366574633504;0,0972366574633504;0,113803133368492;Fixed Shape
427;0,142348939114391;0,766826047358834;1,07930794300013;0,0972366574633504;0,0972366574633504;0,113803133368492;Fixed Shape
428;0,143130189114391;0,769603825136612;-2,40749722498903;0,0972366574633504;0,0972366574633504;0,113803133368492;Fixed Shape
429;0,143130189114391;0,773770491803279;-1,76356518609106;0,0972366574633504;0,0972366574633504;0,113803133368492;Fixed Shape
429;0,143911439114391;0,773770491803279;-1,4261906334005;0,0972366574633504;0,0972366574633504;0,113803133368492;Fixed Shape
430;0,143911439114391;0,773770491803279;-1,38177055482923;0,0972366574633504;0,0972366574633504;0,113803133368492;Fixed Shape
431;0,143911439114391;0,773770491803279;-1,2681339495238;0,0972366574633504;0,0972366574633504;0,113803133368492;Fixed Shape
432;0,143911439114391;0,775159380692168;-1,25068066508504;0,0972366574633504;0,0972366574633504;0,113803133368492;Fixed Shape
433;0,143911439114391;0,775159380692168;-1,348105976478;0,0972366574633504;0,0972366574633504;0,113803133368492;Fixed Shape
434;0,143911439114391;0,776548269581056;-1,26099013527598;0,0972366574633504;0,0972366574633504;0,113803133368492;Fixed Shape
435;0,143911439114391;0,77238169657078;-1,2308853943789;0,0972366574633504;0,0972366574633504;0,113803133368492;Fixed Shape
436;0,143911439114391;0,768214936247723;-1,20077930009075;0,0972366574633504;0,0972366574633504;0,113803133368492;Fixed Shape
437;0,145473939114391;0,766826047358834;-0,880316349145996;0,0972366574633504;0,0972366574633504;0,113803133368492;Fixed Shape
438;0,145473939114391;0,765437158469945;-0,626887996325638;0,0972366574633504;0,0972366574633504;0,113803133368492;Fixed Shape
439;0,147036439114391;0,764048269581056;-3,11979263771169;0,0972366574633504;0,0972366574633504;0,113803133368492;Fixed Shape
440;0,150161439114391;0,761270491803279;-6,90773657733849;0,0972366574633504;0,0972366574633504;0,113803133368492;Fixed Shape
441;0,150161439114391;0,761270491803279;-6,90773657733849;0,0972366574633504;0,0972366574633504;0,113803133368492;Fixed Shape
442;0,150161439114391;0,761270491803279;-6,90773657733849;0,0972366574633504;0,0972366574633504;0,113803133368492;Fixed Shape
443;0,150161439114391;0,761270491803279;-6,90773657733849;0,0972366574633504;0,0972366574633504;0,113803133368492;Fixed Shape
444;0,162361623616236;0,786885245901639;-1,92370252929042;0,11;0,117;-0,192878559231758;Fixed Parallelogram
445;0,154981549815498;0,786885245901639;0,0130750898250938;0,109444445554446;0,119666661338661;-0,19539059192734;Fixed Parallelogram
446;0,154399215867159;0,793829690346084;-0,38521290415264;0,108888891108891;0,122333322677323;-0,197902624622921;Fixed Parallelogram
447;0,159867965867159;0,795218579234973;-2,24225702933154;0,108333336663337;0,124999984015984;-0,200414657318502;Fixed Parallelogram
448;0,166117965867159;0,793829690346084;-1,33633574254054;0,107777782217782;0,127666645354645;-0,202926690014084;Fixed Parallelogram
449;0,171586715867159;0,786885245901639;0,305158924933565;0,107222227772228;0,130333306693307;-0,205438722709665;Fixed Parallelogram
449;0,178617965867159;0,78549635701275;-0,888279601855939;0,106666673326673;0,132999968031968;-0,207950755405247;Fixed Parallelogram
450;0,187211715867159;0,782718579234973;0,549578204877824;0,106111118881119;0,135666629370629;-0,210462788100828;Fixed Parallelogram
451;0,195024215867159;0,784107468123861;2,30486307687241;0,105555564435564;0,138333290709291;-0,212974820796409;Fixed Parallelogram
452;0,202055465867159;0,784107468123861;2,73831008325259;0,10500000999001;0,140999952047952;-0,215486853491991;Fixed Parallelogram
453;0,208305465867159;0,78549635701275;2,86827912494676;0,104444455544456;0,143666613386613;-0,217998886187572;Fixed Parallelogram
454;0,214555465867159;0,788274134790528;3,10815894377475;0,103888901098901;0,146333274725275;-0,220510918883154;Fixed Parallelogram
455;0,218461715867159;0,788274134790528;4,34196666332338;0,103333346653347;0,148999936063936;-0,223022951578735;Fixed Parallelogram
456;0,221586715867159;0,791051912568306;4,51362375127651;0,102777792207792;0,151666597402597;-0,225534984274316;Fixed Parallelogram
457;0,225492965867159;0,793829690346084;4,65672880754955;0,102222237762238;0,154333258741259;-0,228047016969898;Fixed Parallelogram
458;0,227165186247762;0,792791119340758;5,00699448852487;0,101666683316683;0,15699992007992;-0,230559049665479;Fixed Parallelogram
459;0,228837451734518;0,791752520321218;4,6346425637751;0,101111128871129;0,159666581418581;-0,233071082361061;Fixed Parallelogram
460;0,230509717221273;0,790713921301677;4,34874623972442;0,100555574425574;0,162333242757243;-0,235583115056642;Fixed Parallelogram
461;0,232181982708029;0,789675322282137;4,48301815385335;0,1;0,164999904095904;-0,238095238095238;Fixed Parallelogram
462;0,233854248194785;0,788636723262596;4,42948850057462;0,1;0,167666565434565;-0,238095238095238;Fixed Parallelogram
463;0,23552651368154;0,787598124243055;4,48387421868123;0,1;0,170333226773227;-0,238095238095238;Fixed Parallelogram
464;0,237198779168296;0,786559525223515;4,39124470060161;0,1;0,172999888111888;-0,238095238095238;Fixed Parallelogram
465;0,238871044655051;0,785520926203974;4,41281625393703;0,1;0,175666549450549;-0,238095238095238;Fixed Parallelogram
466;0,240543310141807;0,784482327184433;4,27999156617978;0,1;0,178333210789211;-0,238095238095238;Fixed Parallelogram
467;0,242215575628563;0,783443728164893;3,78322139575673;0,1;0,180999872127872;-0,238095238095238;Fixed Parallelogram
468;0,243887841115318;0,782405129145352;3,87666280588319;0,1;0,183666533466533;-0,238095238095238;Fixed Parallelogram
469;0,245560106602074;0,781366530125811;2,80579671950462;0,1;0,186333194805195;-0,238095238095238;Fixed Parallelogram
470;0,247232472324723;0,780327868852459;3,26513894737988;0,1;0,188999856143856;-0,238095238095238;Fixed Parallelogram
471;0,244280621518953;0,779672170845603;3,17204774453094;0,1;0,191666517482518;-0,238095238095238;Fixed Parallelogram
472;0,241328593768108;0,779016433533736;3,44563556076915;0,1;0,194333178821179;-0,238095238095238;Fixed Parallelogram
473;0,238376566017264;0,778360696221868;1,90043610186505;0,1;0,197;-0,238095238095238;Fixed Parallelogram
474;0,235424538266419;0,77770495891;1,90043610186505;0,1;0,197;-0,238095238095238;Fixed Parallelogram
475;0,232472324723247;0,777049180327869;1,90043610186505;0,1;0,197;-0,238095238095238;Fixed Parallelogram
476;0,284132841328413;0,885245901639344;9,6137764171908;0,133121463166082;0,233719918403446;-0,534391641616821;Fixed Parallelogram
477;0,283743966882573;0,889362776381598;9,60754943556628;0,133113834098388;0,232554663822128;-0,529028778812553;Fixed Parallelogram
478;0,283355092436734;0,893479651123852;9,60132245394177;0,133106205030694;0,23138940924081;-0,523665916008284;Fixed Parallelogram
479;0,282966217990894;0,897596525866106;9,59509547231725;0,133098575963;0,230224154659491;-0,518303053204015;Fixed Parallelogram
480;0,282577343545054;0,901713400608359;9,58886849069274;0,133090946895306;0,229058900078173;-0,512940190399746;Fixed Parallelogram
481;0,282188469099214;0,905830275350613;9,58264150906822;0,133083317827613;0,227893645496854;-0,507577327595478;Fixed Parallelogram
481;0,281799594653374;0,909947150092867;9,57641452744371;0,133075688759919;0,226728390915536;-0,502214464791209;Fixed Parallelogram
482;0,281410720207535;0,914064024835121;9,57018754581919;0,133068059692225;0,225563136334217;-0,49685160198694;Fixed Parallelogram
483;0,281021845761695;0,918180899577374;9,56396056419468;0,133060430624531;0,224397881752899;-0,491488739182671;Fixed Parallelogram
484;0,280632971315855;0,922297774319628;9,55773358257017;0,133052801556837;0,223232627171581;-0,486125876378403;Fixed Parallelogram
485;0,280244096870015;0,926414649061882;9,55150660094565;0,133045172489143;0,222067372590262;-0,480763013574134;Fixed Parallelogram
486;0,279855222424175;0,930531523804136;9,54527961932114;0,133037543421449;0,220902118008944;-0,475400150769865;Fixed Parallelogram
487;0,279466347978335;0,93464839854639;9,53905263769662;0,133029914353755;0,219736863427625;-0,470037287965596;Fixed Parallelogram
488;0,278696616399348;0,935249142840024;9,53798778438669;0,133028609734844;0,219537597511543;-0,4691202044487;Fixed Parallelogram
489;0,27784832091142;0,935124573286692;9,53798778438669;0,133028609734844;0,219537597511543;-0,4691202044487;Fixed Parallelogram
490;0,277;0,935;9,53798778438669;0,133028609734844;0,219537597511543;-0,4691202044487;Fixed Parallelogram
491;0,277847236989794;0,935124414116174;9,53798778438669;0,133028609734844;0,219537597511543;-0,4691202044487;Fixed Parallelogram
492;0,278694499372118;0,935248831961161;9,53798778438669;0,133028609734844;0,219537597511543;-0,4691202044487;Fixed Parallelogram
493;0,279726615997805;0,934089160073293;9,53798778438669;0,132408203036016;0,219959701861793;-0,4691202044487;Fixed Parallelogram
494;0,28167750663604;0,926547225842646;9,53798778438669;0,128704212526936;0,222479775404066;-0,4691202044487;Fixed Parallelogram
495;0,283628397274274;0,919005291611999;9,53798778438669;0,125;0,225;-0,4691202044487;Fixed Parallelogram
496;0,285579287912509;0,911463357381352;9,53798778438669;0,125;0,225;-0,4691202044487;Fixed Parallelogram
497;0,287530178550743;0,903921423150705;9,53798778438669;0,125;0,225;-0,4691202044487;Fixed Parallelogram
498;0,289481069188977;0,896379488920058;9,53798778438669;0,123599792557989;0,225;-0,4691202044487;Fixed Parallelogram
499;0,291431959827212;0,888837554689411;9,53798778438669;0,114879928127034;0,225;-0,4691202044487;Fixed Parallelogram
500;0,291512915129151;0,888524590163934;9,53798778438669;0,10616006369608;0,225;-0,4691202044487;Fixed Parallelogram
501;0,291512915129151;0,888524590163934;9,53798778438669;0,0974401992651256;0,225;-0,4691202044487;Fixed Parallelogram
502;0,291512915129151;0,888524590163934;9,53798778438669;0,0887203348341712;0,225;-0,4691202044487;Fixed Parallelogram
503;0,291512915129151;0,888524590163934;9,53798778438669;0,08;0,225;-0,4691202044487;Fixed Parallelogram
504;0,291512915129151;0,888524590163934;9,53798778438669;0,08;0,225;-0,4691202044487;Fixed Parallelogram
507;0,498154981549816;0,914754098360656;20,6215207370113;0,08;0,14;0,183673469387755;Fixed Parallelogram
508;0,498154981549816;0,910382526762841;19,7882290071823;0,0866666466866667;0,141666663336663;0,158406295356657;Fixed Parallelogram
509;0,498154981549816;0,906010955165027;18,9549372773532;0,0933332933733333;0,143333326673327;0,133139121325559;Fixed Parallelogram
510;0,498154981549816;0,901639344262295;18,1216455475241;0,1;0,14499999000999;0,107871947294461;Fixed Parallelogram
511;0,494464988885609;0,897541032737705;17,288353817695;0,10499994006;0,146666653346653;0,0826047732633628;Fixed Parallelogram
512;0,490774963044281;0,893442684364754;16,455062087866;0,109999925075;0,148333316683317;0,0573375992322647;Fixed Parallelogram
512;0,487084937202952;0,889344335991803;15,6217703580369;0,11499991009;0,14999998001998;0,0320704252011666;Fixed Parallelogram
513;0,483394833948339;0,885245901639344;14,7884786282078;0,12;0,151666643356643;0,00680272108843538;Fixed Parallelogram
514;0,474169921407635;0,862295529062666;13,9551868983787;0,129999805194124;0,153333306693307;-0,0326521861804664;Fixed Parallelogram
515;0,464944649446494;0,839344262295082;13,1218951685496;0,14;0,15499997002997;-0,0721079211937146;Fixed Parallelogram
516;0,451414784477515;0,813115278164458;12,2886034387206;0,14;0,156666633366633;-0,111563656206963;Fixed Parallelogram
517;0,437884676209399;0,786885822374347;11,4553117088915;0,14;0,158333296703297;-0,151019391220211;Fixed Parallelogram
518;0,424354243542435;0,760655737704918;10,622;0,14;0,16;-0,190475126233459;Fixed Parallelogram
519;0,403137071876733;0,749180620199619;9,86330536701194;0,144999872627309;0,1654544042734;-0,229930861246708;Fixed Parallelogram
520;0,381918819188192;0,737704918032787;9,10459254307068;0,15;0,170908939325124;-0,269386596259956;Fixed Parallelogram
521;0,381303830855491;0,73005486644503;8,34587971912942;0,126667342657343;0,176363474376848;-0,308842331273204;Fixed Parallelogram
522;0,380688825934213;0,722404608506248;7,58716689518816;0,103334055944056;0,181818009428572;-0,348298066286452;Fixed Parallelogram
523;0,380073800738007;0,714754098360656;6,8284540712469;0,08;0,187272544480296;-0,387755102040816;Fixed Parallelogram
524;0,375153957971703;0,719125499638258;6,06974124730564;0,073333613051657;0,192727079532021;-0,344672708244137;Fixed Parallelogram
525;0,370233953007108;0,723497045033029;5,31102842336438;0,0666670063246311;0,198181614583745;-0,301588894099098;Fixed Parallelogram
526;0,365313653136531;0,727868852459016;4,55231559942312;0,06;0,203636149635469;-0,258505079954059;Fixed Parallelogram
527;0,348709399463012;0,747539902712672;3,79360277548186;0,0866652014549553;0,209090684687193;-0,215421265809021;Fixed Parallelogram
528;0,332104150467884;0,767212132123293;3,0348899515406;0,113332001322687;0,214545219738917;-0,172337451663982;Fixed Parallelogram
529;0,31549815498155;0,786885245901639;2,27617712759934;0,14;0,22;-0,129253637518944;Fixed Parallelogram
530;0,287209200393702;0,810927832822915;1,51746430365808;0,193330829170829;0,246665414585415;-0,0861698233739049;Fixed Parallelogram
531;0,258918974014915;0,834971500630517;0,758751479716816;0,246664055944056;0,273332027972028;-0,0430860092288663;Fixed Parallelogram
532;0,230627306273063;0,859016393442623;0;0,3;0,3;0;Fixed Parallelogram
533;0,214023016098468;0,854426471626782;0;0,3;0,3;0,0258489766013572;Fixed Parallelogram
534;0,197417879906253;0,849836315946399;0;0,3;0,3;0,0516992702532742;Fixed Parallelogram
535;0,180812743714038;0,845246160266015;0;0,3;0,3;0,0775495639051912;Fixed Parallelogram
536;0,164207607521823;0,840656004585632;0;0,3;0,3;0,103399857557108;Fixed Parallelogram
537;0,14760147601476;0,836065573770492;0;0,3;0,3;0,129251700680272;Fixed Parallelogram
538;0,1190054684702;0,85327761807891;0;0,3;0,3;0,129251700680272;Fixed Parallelogram
539;0,0904077467730616;0,870490694142201;0;0,3;0,3;0,129251700680272;Fixed Parallelogram
540;0,0618100250759235;0,887703770205491;0;0,3;0,3;0,129251700680272;Fixed Parallelogram
541;0,033210332103321;0,904918032786885;0;0,3;0,3;0,129251700680272;Fixed Parallelogram
542;-0,00507107571924226;0,924588763695671;0;0,3;0,3;0,129251700680272;Fixed Parallelogram
543;-0,0433551225073466;0,944260850625146;0;0,3;0,3;0,129251700680272;Fixed Parallelogram
544;-0,0816391692954512;0,963932937554621;0;0,3;0,3;0,129251700680272;Fixed Parallelogram
545;-0,119926199261993;0,983606557377049;0;0,3;0,3;0,129251700680272;Fixed Parallelogram
546;-0,119926199261993;0,983606557377049;0;0,3;0,3;0,129251700680272;Fixed Parallelogram
547;-0,119926199261993;0,983606557377049;0;0,3;0,3;0,129251700680272;Fixed Parallelogram
548;0,141729128228782;0,767941712204007;3,66635801748048;0,28;0,3;-0,0612244897959183;Fixed Parallelogram
549;0,145889068265683;0,771220400728598;3,95352726467687;0,28;0,3;-0,0585034066613661;Fixed Parallelogram
550;0,148232818265683;0,779553734061931;5,20612141953762;0,28;0,3;-0,0557823235268138;Fixed Parallelogram
551;0,151357818265683;0,786498178506375;5,27668637168927;0,28;0,3;-0,0530612403922616;Fixed Parallelogram
552;0,153701568265683;0,792053734061931;5,96151390143842;0,28;0,3;-0,0503401572577093;Fixed Parallelogram
553;0,156826568265683;0,79344262295082;6,36151013639975;0,28;0,3;-0,0476190741231571;Fixed Parallelogram
553;0,160732818265683;0,79344262295082;6,45106037308181;0,28;0,3;-0,0448979909886048;Fixed Parallelogram
554;0,164639068265683;0,790664845173042;6,4432462664804;0,28;0,3;-0,0421769078540525;Fixed Parallelogram
555;0,169326568265683;0,783720400728597;5,92443528904913;0,28;0,3;-0,0394558247195003;Fixed Parallelogram
556;0,173232818265683;0,778164845173042;6,22025406369484;0,28;0,3;-0,036734741584948;Fixed Parallelogram
557;0,177139068265683;0,773998178506375;6,27554047964771;0,28;0,3;-0,0340136584503958;Fixed Parallelogram
558;0,178701568265683;0,771220400728598;6,83374419959106;0,28;0,3;-0,0312925753158435;Fixed Parallelogram
559;0,177920318265683;0,76844262295082;7,05546042432208;0,28;0,3;-0,0285714921812913;Fixed Parallelogram
560;0,178701568265683;0,764275956284153;7,51244730415074;0,28;0,3;-0,025850409046739;Fixed Parallelogram
561;0,181045318265683;0,758720400728597;7,86122925993101;0,28;0,3;-0,0231293259121867;Fixed Parallelogram
562;0,181826568265683;0,753164845173042;8,01860802418721;0,28;0,3;-0,0204082427776345;Fixed Parallelogram
563;0,181826568265683;0,750387067395264;8,04196889865466;0,28;0,3;-0,0176871596430822;Fixed Parallelogram
564;0,181045318265683;0,747609289617486;7,7871564453516;0,28;0,3;-0,01496607650853;Fixed Parallelogram
565;0,181045318265683;0,74344262295082;7,81023420047383;0,28;0,3;-0,0122449933739777;Fixed Parallelogram
566;0,181826568265683;0,742053734061931;8,1230491804976;0,28;0,3;-0,00952391023942548;Fixed Parallelogram
567;0,181045318265683;0,740664845173042;8,99754033796657;0,28;0,3;-0,00680272108843538;Fixed Parallelogram
568;0,181826568265683;0,737887067395264;9,80656050370298;0,28;0,3;-0,026454221515446;Fixed Parallelogram
569;0,184951568265683;0,733720400728597;10,2319202459408;0,28;0,3;-0,0461064876166917;Fixed Parallelogram
570;0,187295318265683;0,735109289617486;10,3216128427082;0,28;0,3;-0,0657587537179374;Fixed Parallelogram
571;0,186514068265683;0,732331511839709;10,4780668233632;0,28;0,3;-0,0854110198191831;Fixed Parallelogram
572;0,185732818265683;0,73094262295082;10,3277580252695;0,28;0,3;-0,105063285920429;Fixed Parallelogram
573;0,184951568265683;0,729553734061931;9,69893415137216;0,28;0,3;-0,124715552021674;Fixed Parallelogram
574;0,185732818265683;0,729553734061931;9,5836450538342;0,28;0,3;-0,14436781812292;Fixed Parallelogram
575;0,184951568265683;0,729553734061931;9,43499930008167;0,28;0,3;-0,164020084224166;Fixed Parallelogram
576;0,182607818265683;0,729553734061931;9,17626162243996;0,28;0,3;-0,183673469387755;Fixed Parallelogram
577;0,182607818265683;0,729553734061931;9,17626162243996;0,28;0,3;-0,183673469387755;Fixed Parallelogram
578;0,182607818265683;0,729553734061931;9,17626162243996;0,28;0,3;-0,183673469387755;Fixed Parallelogram
579;0,734375;0,700617283950617;3,66635801748048;0,09;0,09;-0,0612244897959183;Fixed Parallelogram
580;0,726851874398727;0,684156427934156;3,66635801748048;0,09;0,09;-0,0612244897959183;Fixed Parallelogram
581;0,719328748797454;0,667695571917696;3,66635801748048;0,09;0,09;-0,0612244897959183;Fixed Parallelogram
582;0,711805555555556;0,651234567901235;3,66635801748048;0,09;0,09;-0,0612244897959183;Fixed Parallelogram
583;0,709027811077778;0,643827249293827;3,66635801748048;0,09;0,09;-0,0612244897959183;Fixed Parallelogram
584;0,706250041625;0,63641986408642;3,66635801748048;0,09;0,09;-0,0612244897959183;Fixed Parallelogram
584;0,703472272172222;0,629012478879012;3,66635801748048;0,09;0,09;-0,0612244897959183;Fixed Parallelogram
585;0,700694502719444;0,621605093671605;3,66635801748048;0,09;0,09;-0,0612244897959183;Fixed Parallelogram
586;0,697916666666667;0,614197530864197;3,66635801748048;0,09;0,09;-0,0612244897959183;Fixed Parallelogram
587;0,695023214632789;0,616255096754955;3,66635801748048;0,09;0,09;-0,0612244897959183;Fixed Parallelogram
588;0,692129693223634;0,618312711979243;3,66635801748048;0,09;0,09;-0,0612244897959183;Fixed Parallelogram
589;0,689236111111111;0,62037037037037;3,66635801748048;0,09;0,09;-0,0612244897959183;Fixed Parallelogram
590;0,689236111111111;0,62037037037037;3,66635801748048;0,09;0,09;-0,0612244897959183;Fixed Parallelogram
591;0,15450643776824;0,774809160305344;5;0,2;0,28;-0,0884353741496599;Fixed Parallelogram
592;0,155241351768463;0,776526265192796;5;0,2;0,28;-0,0884353741496599;Fixed Parallelogram
593;0,155976265768685;0,778243370080248;5;0,2;0,28;-0,0884353741496599;Fixed Parallelogram
594;0,156711179768907;0,779960474967701;5;0,2;0,28;-0,0884353741496599;Fixed Parallelogram
595;0,157446093769129;0,781677579855153;5;0,2;0,28;-0,0884353741496599;Fixed Parallelogram
596;0,158181007769351;0,783394684742605;5;0,2;0,28;-0,0884353741496599;Fixed Parallelogram
596;0,158915921769573;0,785111789630058;5;0,2;0,28;-0,0884353741496599;Fixed Parallelogram
597;0,159650835769796;0,78682889451751;5;0,2;0,28;-0,0884353741496599;Fixed Parallelogram
598;0,160385749770018;0,788545999404962;5;0,2;0,28;-0,0884353741496599;Fixed Parallelogram
599;0,16112066377024;0,790263104292415;5;0,2;0,28;-0,0884353741496599;Fixed Parallelogram
600;0,161855577770462;0,791980209179867;5;0,2;0,28;-0,0884353741496599;Fixed Parallelogram
601;0,162590491770684;0,793697314067319;5;0,2;0,28;-0,0884353741496599;Fixed Parallelogram
602;0,163325405770907;0,795414418954772;5;0,2;0,28;-0,0884353741496599;Fixed Parallelogram
603;0,164060319771129;0,797131523842224;5;0,2;0,28;-0,0884353741496599;Fixed Parallelogram
604;0,164795233771351;0,798848628729676;5;0,2;0,28;-0,0884353741496599;Fixed Parallelogram
605;0,165530147771573;0,800565733617129;5;0,2;0,28;-0,0884353741496599;Fixed Parallelogram
606;0,166265061771795;0,802282838504581;5;0,2;0,28;-0,0884353741496599;Fixed Parallelogram
607;0,167;0,804;5;0,2;0,28;-0,0884353741496599;Fixed Parallelogram
608;0,56670341786108;0,592156862745098;5;0,08;0,08;0,0583585066561671;Fixed Parallelogram
609;0,569459749181367;0,592647057354412;5;0,0794117664688235;0,08;0,0636044721689181;Fixed Parallelogram
610;0,572216080501654;0,593137251963725;5;0,0788235329376471;0,08;0,0688504376816691;Fixed Parallelogram
611;0,57497241182194;0,593627446573039;5;0,0782352994064706;0,08;0,0740964031944201;Fixed Parallelogram
612;0,577728776185226;0,594117647058824;5;0,0776470658752941;0,08;0,0793423687071711;Fixed Parallelogram
613;0,582965742912073;0,593137269593137;5;0,0770588323441177;0,08;0,0845883342199221;Fixed Parallelogram
613;0,588202772420617;0,59215688037451;5;0,0764705988129412;0,08;0,0898342997326731;Fixed Parallelogram
614;0,593439801929162;0,591176491155882;5;0,0758823652817647;0,08;0,0950802652454241;Fixed Parallelogram
615;0,598676957001103;0,590196078431373;5;0,0752941317505882;0,08;0,100326230758175;Fixed Parallelogram
616;0,610253270985116;0,584313884154902;5;0,0747058982194118;0,08;0,105572196270926;Fixed Parallelogram
617;0,621829862530319;0,578431548843137;5;0,0741176646882353;0,08;0,110818161783677;Fixed Parallelogram
618;0,633406454075523;0,572549213531373;5;0,0735294311570588;0,08;0,116064127296428;Fixed Parallelogram
619;0,644983461962514;0,566666666666667;5;0,0729411976258824;0,08;0,121310092809179;Fixed Parallelogram
620;0,646011829553414;0,562256299087432;5;0,0723529640947059;0,08;0,12655605832193;Fixed Parallelogram
621;0,647040234129966;0,557845772887558;5;0,0717647305635294;0,08;0,131802023834681;Fixed Parallelogram
622;0,648068669527897;0,553435114503817;5;0,071176497032353;0,08;0,137047989347432;Fixed Parallelogram
623;0,657725018007592;0,557251788287988;5;0,0705882635011765;0,08;0,142293954860183;Fixed Parallelogram
624;0,667381974248927;0,561068702290076;5;0,07000002997;0,08;0,147539920372934;Fixed Parallelogram
625;0,66907640541838;0,561011826827256;5;0,0694117964388236;0,08;0,152785885885685;Fixed Parallelogram
626;0,670770892450155;0,560954949489355;5;0,0688235629076471;0,08;0,158031851398436;Fixed Parallelogram
627;0,672465379481929;0,560898072151454;5;0,0682353293764706;0,08;0,163277816911187;Fixed Parallelogram
628;0,674159866513704;0,560841194813553;5;0,0676470958452942;0,08;0,168523782423938;Fixed Parallelogram
629;0,675854465270121;0,56078431372549;5;0,0670588623141177;0,08;0,173769747936689;Fixed Parallelogram
630;0,665270850868358;0,563529222542353;5;0,0664706287829412;0,08;0,17901571344944;Fixed Parallelogram
631;0,654686538598457;0,56627431235451;5;0,0658823952517647;0,08;0,184261678962191;Fixed Parallelogram
632;0,644102226328557;0,569019402166666;5;0,0652941617205883;0,08;0,189507644474942;Fixed Parallelogram
633;0,633517914058656;0,571764491978823;5;0,0647059281894118;0,08;0,194753609987693;Fixed Parallelogram
634;0,622932745314223;0,574509803921569;5;0,0641176946582353;0,08;0,2;Fixed Parallelogram
635;0,615715882890644;0,573624652573606;4,54549268909095;0,0635294611270589;0,08;0,2;Fixed Parallelogram
636;0,608498436436765;0,57273942959407;4,09094859681822;0,0629412275958824;0,08;0,2;Fixed Parallelogram
637;0,601280989982885;0,571854206614534;3,63640450454549;0,0623529940647059;0,08;0,2;Fixed Parallelogram
638;0,594063543529006;0,570968983634998;3,18186041227277;0,0617647605335295;0,08;0,2;Fixed Parallelogram
639;0,586558512964328;0,56971864297574;2,72731632000004;0,061176527002353;0,08;0,2;Fixed Parallelogram
640;0,578836430511092;0,568192732565046;2,27277222772732;0,0605882934711765;0,08;0,2;Fixed Parallelogram
641;0,571113561190739;0,566666666666667;1,81822813545459;0,06;0,08;0,2;Fixed Parallelogram
642;0,568633115781423;0,56715681132598;1,36368404318187;0,06;0,08;0,2;Fixed Parallelogram
643;0,566152417593165;0,567647005935294;0,909139950909143;0,06;0,08;0,2;Fixed Parallelogram
644;0,563671719404907;0,568137200544608;0,454595858636417;0,06;0,08;0,2;Fixed Parallelogram
645;0,561190738699008;0,568627450980392;0;0,06;0,08;0,2;Fixed Parallelogram
646;0,561190738699008;0,568627450980392;0;0,06;0,08;0,2;Fixed Parallelogram
647;0,561190738699008;0,568627450980392;0;0,06;0,08;0,2;Fixed Parallelogram
648;0,112546125461255;0,639344262295082;0;0,4;0,45;-0,158;Fixed Parallelogram
649;0,115621150067645;0,638797815299455;-0,294117076694898;0,4;0,45;-0,158;Fixed Parallelogram
650;0,118696174674034;0,638251368303827;-0,588234153389796;0,4;0,45;-0,158;Fixed Parallelogram
651;0,121771199280424;0,6377049213082;-0,882351230084694;0,4;0,45;-0,158;Fixed Parallelogram
652;0,124846223886814;0,637158474312573;-1,17646830677959;0,4;0,45;-0,158;Fixed Parallelogram
653;0,127921248493204;0,636612027316945;-1,47058538347449;0,4;0,45;-0,158;Fixed Parallelogram
653;0,1309963099631;0,636065573770492;-1,76470246016939;0,4;0,45;-0,158;Fixed Parallelogram
654;0,134518568970289;0,63695974912501;-2,05881953686429;0,4;0,45;-0,158;Fixed Parallelogram
655;0,138040870202952;0,637853935199063;-2,35293661355918;0,4;0,45;-0,158;Fixed Parallelogram
656;0,141563171435616;0,638748121273116;-2,64705369025408;0,4;0,45;-0,158;Fixed Parallelogram
657;0,145085472668279;0,63964230734717;-2,94117076694898;0,4;0,45;-0,158;Fixed Parallelogram
658;0,148607773900942;0,640536493421223;-3,23528784364388;0,4;0,45;-0,158;Fixed Parallelogram
659;0,152130075133605;0,641430679495276;-3,52940492033877;0,4;0,45;-0,158;Fixed Parallelogram
660;0,155652376366268;0,642324865569329;-3,82352199703367;0,4;0,45;-0,158;Fixed Parallelogram
661;0,159174677598932;0,643219051643382;-4,11763907372857;0,4;0,45;-0,158;Fixed Parallelogram
662;0,162696978831595;0,644113237717435;-4,41175615042347;0,4;0,45;-0,158;Fixed Parallelogram
663;0,166219280064258;0,645007423791488;-4,70587322711837;0,4;0,45;-0,158;Fixed Parallelogram
664;0,169741697416974;0,645901639344262;-5;0,4;0,45;-0,158;Fixed Parallelogram
665;0,579335793357934;0,714754098360656;-35;0,15;0,2;0,158;Fixed Parallelogram
666;0,579643295818573;0,715081966558032;-35;0,15;0,2;0,158;Fixed Parallelogram
667;0,579950798279212;0,715409834755409;-35;0,15;0,2;0,158;Fixed Parallelogram
668;0,580258300739851;0,715737702952785;-35;0,15;0,2;0,158;Fixed Parallelogram
669;0,58056580320049;0,716065571150161;-35;0,15;0,2;0,158;Fixed Parallelogram
670;0,580873305661129;0,716393439347538;-35;0,15;0,2;0,158;Fixed Parallelogram
670;0,581180808121768;0,716721307544914;-35;0,15;0,2;0,158;Fixed Parallelogram
671;0,581488310582407;0,71704917574229;-35;0,15;0,2;0,158;Fixed Parallelogram
672;0,581795813043046;0,717377043939667;-35;0,15;0,2;0,158;Fixed Parallelogram
673;0,582103315503685;0,717704912137043;-35;0,15;0,2;0,158;Fixed Parallelogram
674;0,582410817964323;0,71803278033442;-35;0,15;0,2;0,158;Fixed Parallelogram
675;0,582718320424963;0,718360648531796;-35;0,15;0,2;0,158;Fixed Parallelogram
676;0,583025822885602;0,718688516729172;-35;0,15;0,2;0,158;Fixed Parallelogram
677;0,58333332534624;0,719016384926549;-35;0,15;0,2;0,158;Fixed Parallelogram
678;0,58364082780688;0,719344253123925;-35;0,15;0,2;0,158;Fixed Parallelogram
679;0,583948330267518;0,719672121321302;-35;0,15;0,2;0,158;Fixed Parallelogram
680;0,584255832728158;0,719999989518678;-35;0,15;0,2;0,158;Fixed Parallelogram
681;0,584563335188796;0,720327857716054;-35;0,15;0,2;0,158;Fixed Parallelogram
682;0,584870837649435;0,720655725913431;-35;0,15;0,2;0,158;Fixed Parallelogram
683;0,585178340110074;0,720983594110807;-35;0,15;0,2;0,158;Fixed Parallelogram
684;0,585485842570713;0,721311462308184;-35;0,15;0,2;0,158;Fixed Parallelogram
685;0,585793345031352;0,72163933050556;-35;0,15;0,2;0,158;Fixed Parallelogram
686;0,586100847491991;0,721967198702936;-35;0,15;0,2;0,158;Fixed Parallelogram
687;0,58640834995263;0,722295066900313;-35;0,15;0,2;0,158;Fixed Parallelogram
688;0,586715852413269;0,722622935097689;-35;0,15;0,2;0,158;Fixed Parallelogram
689;0,587023354873908;0,722950803295066;-35;0,15;0,2;0,158;Fixed Parallelogram
690;0,587330857334547;0,723278671492442;-35;0,15;0,2;0,158;Fixed Parallelogram
691;0,587638359795186;0,723606539689818;-35;0,15;0,2;0,158;Fixed Parallelogram
692;0,587945862255825;0,723934407887195;-35;0,15;0,2;0,158;Fixed Parallelogram
693;0,588253364716464;0,724262276084571;-35;0,15;0,2;0,158;Fixed Parallelogram
694;0,588560885608856;0,724590163934426;-35;0,15;0,2;0,158;Fixed Parallelogram
695;0,588929866406658;0,725901557983009;-35;0,15;0,2;0,158;Fixed Parallelogram
696;0,589298869322562;0,727213030641498;-35;0,15;0,2;0,158;Fixed Parallelogram
697;0,589667872238465;0,728524503299987;-35;0,15;0,2;0,158;Fixed Parallelogram
698;0,590036875154368;0,729835975958477;-35;0,15;0,2;0,158;Fixed Parallelogram
699;0,590405878070272;0,731147448616966;-35;0,15;0,2;0,158;Fixed Parallelogram
700;0,590774880986175;0,732458921275455;-35;0,15;0,2;0,158;Fixed Parallelogram
701;0,591143883902079;0,733770393933945;-35;0,15;0,2;0,158;Fixed Parallelogram
702;0,591512886817982;0,735081866592434;-35;0,15;0,2;0,158;Fixed Parallelogram
703;0,591881889733885;0,736393339250923;-35;0,15;0,2;0,158;Fixed Parallelogram
704;0,592250922509225;0,737704918032787;-35;0,15;0,2;0,158;Fixed Parallelogram
705;0,592250922509225;0,737704918032787;-35;0,15;0,2;0,158;Fixed Parallelogram
706;-0,0239852398523985;0,724590163934426;3,66635801748048;0,38;0,4;0,138;Fixed Parallelogram
707;-0,0180244233811551;0,721059275926324;3,66635801748048;0,377916670829171;0,397500004995005;0,135743594251902;Fixed Parallelogram
708;-0,0120636069099117;0,717528387918221;3,66635801748048;0,375833341658342;0,39500000999001;0,133487188503804;Fixed Parallelogram
709;-0,00610279043866828;0,713997499910118;3,66635801748048;0,373750012487512;0,392500014985015;0,131230782755706;Fixed Parallelogram
710;-0,000141973967424869;0,710466611902016;3,66635801748048;0,371666683316683;0,39000001998002;0,128974377007608;Fixed Parallelogram
711;0,00581884250381855;0,706935723893913;3,66635801748048;0,369583354145854;0,387500024975025;0,12671797125951;Fixed Parallelogram
711;0,011779658975062;0,70340483588581;3,66635801748048;0,367500024975025;0,38500002997003;0,124461565511412;Fixed Parallelogram
712;0,0177404754463054;0,699873947877708;3,66635801748048;0,365416695804196;0,382500034965035;0,122205159763314;Fixed Parallelogram
713;0,0237012919175488;0,696343059869605;3,66635801748048;0,363333366633367;0,38000003996004;0,119948754015216;Fixed Parallelogram
714;0,0296621083887922;0,692812171861502;3,66635801748048;0,361250037462537;0,377500044955045;0,117692348267118;Fixed Parallelogram
715;0,0356229248600356;0,6892812838534;3,66635801748048;0,359166708291708;0,37500004995005;0,115435942519019;Fixed Parallelogram
716;0,041583741331279;0,685750395845297;3,66635801748048;0,357083379120879;0,372500054945055;0,113179536770921;Fixed Parallelogram
717;0,0475445578025224;0,682219507837194;3,66635801748048;0,35500004995005;0,37000005994006;0,110923131022823;Fixed Parallelogram
718;0,0535055350553506;0,678688524590164;3,66635801748048;0,352916720779221;0,367500064935065;0,108666725274725;Fixed Parallelogram
719;0,062562636777672;0,679582686545264;3,66635801748048;0,350833391608392;0,36500006993007;0,106410319526627;Fixed Parallelogram
720;0,0716199828045203;0,680476872619317;3,66635801748048;0,348750062437562;0,362500074925075;0,104153913778529;Fixed Parallelogram
721;0,0806773288313686;0,68137105869337;3,66635801748048;0,346666733266733;0,36000007992008;0,101897508030431;Fixed Parallelogram
722;0,0897346748582169;0,682265244767423;3,66635801748048;0,344583404095904;0,357500084915085;0,0996411022823331;Fixed Parallelogram
723;0,0987920208850652;0,683159430841476;3,66635801748048;0,342500074925075;0,35500008991009;0,097384696534235;Fixed Parallelogram
724;0,107849366911913;0,68405361691553;3,66635801748048;0,340416745754246;0,352500094905095;0,0951282907861369;Fixed Parallelogram
725;0,116906712938762;0,684947802989583;3,66635801748048;0,338333416583417;0,3500000999001;0,0928718850380389;Fixed Parallelogram
726;0,12596405896561;0,685841989063636;3,66635801748048;0,336250087412587;0,347500104895105;0,0906154792899408;Fixed Parallelogram
727;0,135021404992458;0,686736175137689;3,66635801748048;0,334166758241758;0,34500010989011;0,0883590735418428;Fixed Parallelogram
728;0,144078751019307;0,687630361211742;3,66635801748048;0,332083429070929;0,342500114885115;0,0861026677937447;Fixed Parallelogram
729;0,153136531365314;0,688524590163934;3,66635801748048;0,33;0,34;0,0838462620456467;Fixed Parallelogram
730;0,156457397362852;0,690491704230236;3,66635801748048;0,33;0,34;0,0815898562975486;Fixed Parallelogram
731;0,15977842261067;0,692458912628397;3,66635801748048;0,33;0,34;0,0793334505494505;Fixed Parallelogram
732;0,163099447858488;0,694426121026558;3,66635801748048;0,33;0,34;0,0770770448013525;Fixed Parallelogram
733;0,166420473106306;0,696393329424719;3,66635801748048;0,33;0,34;0,0748206390532544;Fixed Parallelogram
734;0,169741697416974;0,698360655737705;3,66635801748048;0,33;0,34;0,0725642333051564;Fixed Parallelogram
735;0,177305806038886;0,700327747400117;3,66635801748048;0,33;0,34;0,0703078275570583;Fixed Parallelogram
736;0,184870368082006;0,702294956977424;3,66635801748048;0,33;0,34;0,0680514218089603;Fixed Parallelogram
737;0,192434930125127;0,704262166554731;3,66635801748048;0,33;0,34;0,0657950160608622;Fixed Parallelogram
738;0,199999492168247;0,706229376132038;3,66635801748048;0,33;0,34;0,0635386103127642;Fixed Parallelogram
739;0,207564054211367;0,708196585709346;3,66635801748048;0,33;0,34;0,0612822045646661;Fixed Parallelogram
740;0,215128616254487;0,710163795286653;3,66635801748048;0,33;0,34;0,059025798816568;Fixed Parallelogram
741;0,222693178297607;0,71213100486396;3,66635801748048;0,33;0,34;0,05676939306847;Fixed Parallelogram
742;0,230257740340728;0,714098214441267;3,66635801748048;0,33;0,34;0,0545129873203719;Fixed Parallelogram
743;0,237822302383848;0,716065424018574;3,66635801748048;0,33;0,34;0,0522565815722739;Fixed Parallelogram
744;0,245387453874539;0,718032786885246;3,66635801748048;0,33;0,34;0,05;Fixed Parallelogram
745;0,245387453874539;0,718032786885246;3,66635801748048;0,33;0,34;0,05;Fixed Parallelogram
746;0,0830258302583026;0,718032786885246;3,66635801748048;0,3;0,35;0,05;Fixed Parallelogram
747;0,0764844136833566;0,717138600811193;3,66635801748048;0,3;0,35;0,05;Fixed Parallelogram
748;0,0699429971084106;0,71624441473714;3,66635801748048;0,3;0,35;0,05;Fixed Parallelogram
749;0,0634015805334646;0,715350228663086;3,66635801748048;0,3;0,35;0,05;Fixed Parallelogram
750;0,0568601639585186;0,714456042589033;3,66635801748048;0,3;0,35;0,05;Fixed Parallelogram
751;0,0503187473835727;0,71356185651498;3,66635801748048;0,3;0,35;0,05;Fixed Parallelogram
751;0,0437773308086267;0,712667670440927;3,66635801748048;0,3;0,35;0,05;Fixed Parallelogram
752;0,0372359142336807;0,711773484366874;3,66635801748048;0,3;0,35;0,05;Fixed Parallelogram
753;0,0306944976587347;0,710879298292821;3,66635801748048;0,3;0,35;0,05;Fixed Parallelogram
754;0,0241530810837887;0,709985112218768;3,66635801748048;0,3;0,35;0,05;Fixed Parallelogram
755;0,0176116645088427;0,709090926144714;3,66635801748048;0,3;0,35;0,05;Fixed Parallelogram
756;0,011070110701107;0,708196721311475;3,66635801748048;0,3;0,35;0,05;Fixed Parallelogram
757;0,0068530231723104;0,707728348065449;3,66635801748048;0,3;0,35;0,05;Fixed Parallelogram
758;0,00263584717111324;0,707259964993185;3,66635801748048;0,3;0,35;0,05;Fixed Parallelogram
759;-0,00158132883008393;0,706791581920921;3,66635801748048;0,3;0,35;0,05;Fixed Parallelogram
760;-0,00579850483128111;0,706323198848657;3,66635801748048;0,3;0,35;0,05;Fixed Parallelogram
761;-0,0100156808324783;0,705854815776393;3,66635801748048;0,3;0,35;0,05;Fixed Parallelogram
762;-0,0142328568336754;0,705386432704129;3,66635801748048;0,3;0,35;0,05;Fixed Parallelogram
763;-0,018450184501845;0,704918032786885;3,66635801748048;0,3;0,35;0,05;Fixed Parallelogram
764;-0,0205257517217463;0,70778677669665;3,66635801748048;0,3;0,35;0,05;Fixed Parallelogram
765;-0,0226013935902555;0,710655623781942;3,66635801748048;0,3;0,35;0,05;Fixed Parallelogram
766;-0,0246770354587648;0,713524470867233;3,66635801748048;0,3;0,35;0,05;Fixed Parallelogram
767;-0,026752677327274;0,716393317952524;3,66635801748048;0,3;0,35;0,05;Fixed Parallelogram
768;-0,0288283191957832;0,719262165037815;3,66635801748048;0,3;0,35;0,05;Fixed Parallelogram
769;-0,0309039610642925;0,722131012123106;3,66635801748048;0,3;0,35;0,05;Fixed Parallelogram
770;-0,0329796029328017;0,724999859208397;3,66635801748048;0,3;0,35;0,05;Fixed Parallelogram
771;-0,0350553505535055;0,727868852459016;3,66635801748048;0,3;0,35;0,05;Fixed Parallelogram
772;-0,0350553505535055;0,734426229508197;3,66635801748048;0,3;0,35;0,05;Fixed Parallelogram
773;-0,042435011482982;0,74754024991402;3,66635801748048;0,3;0,35;0,05;Fixed Parallelogram
774;-0,0498150705383178;0,760654977809076;3,66635801748048;0,3;0,35;0,05;Fixed Parallelogram
775;-0,0571955719557196;0,773770491803279;3,66635801748048;0,3;0,35;0,05;Fixed Parallelogram
776;-0,0571955719557196;0,773770491803279;3,66635801748048;0,3;0,35;0,05;Fixed Parallelogram
799;0,66789667896679;0,950819672131147;-18,4941163916514;0,166706919064018;0,166706919064018;0;Fixed Shape
800;0,666051666046125;0,940983636036066;-18,4941163916514;0,166706919064018;0,166706919064018;0;Fixed Shape
801;0,664206653125461;0,931147599940984;-18,4941163916514;0,166706919064018;0,166706919064018;0;Fixed Shape
802;0,662361623616236;0,921311475409836;-18,4941163916514;0,166706919064018;0,166706919064018;0;Fixed Shape
803;0,662625194859361;0,920140527755955;-18,4941163916514;0,166706919064018;0,166706919064018;0;Fixed Shape
804;0,662888768472283;0,918969569573956;-18,4941163916514;0,166706919064018;0,166706919064018;0;Fixed Shape
804;0,663152342085205;0,917798611391958;-18,4941163916514;0,166706919064018;0,166706919064018;0;Fixed Shape
805;0,663415915698127;0,91662765320996;-18,4941163916514;0,166706919064018;0,166706919064018;0;Fixed Shape
806;0,663679489311049;0,915456695027962;-18,4941163916514;0,166706919064018;0,166706919064018;0;Fixed Shape
807;0,663943062923971;0,914285736845964;-18,4941163916514;0,166706919064018;0,166706919064018;0;Fixed Shape
808;0,664206636536893;0,913114778663966;-18,4941163916514;0,166706919064018;0,166706919064018;0;Fixed Shape
809;0,664470210149815;0,911943820481968;-18,4941163916514;0,166706919064018;0,166706919064018;0;Fixed Shape
810;0,664733783762737;0,91077286229997;-18,4941163916514;0,166706919064018;0,166706919064018;0;Fixed Shape
811;0,664997357375659;0,909601904117972;-18,4941163916514;0,166706919064018;0,166706919064018;0;Fixed Shape
812;0,665260930988582;0,908430945935974;-18,4941163916514;0,166706919064018;0,166706919064018;0;Fixed Shape
858;0,0072992700729927;0,831168831168831;0;0,1;0,1;-0,170068027210884;Fixed Parallelogram
859;0,00718115483707945;0,831426209662614;0;0,1;0,1;-0,170068027210884;Fixed Parallelogram
860;0,0070630396011662;0,831683588156397;0;0,1;0,1;-0,170068027210884;Fixed Parallelogram
861;0,00694492436525295;0,831940966650179;0;0,1;0,1;-0,170068027210884;Fixed Parallelogram
862;0,00682680912933971;0,832198345143962;0;0,1;0,1;-0,170068027210884;Fixed Parallelogram
863;0,00670869389342646;0,832455723637744;0;0,1;0,1;-0,170068027210884;Fixed Parallelogram
863;0,00659057865751321;0,832713102131527;0;0,1;0,1;-0,170068027210884;Fixed Parallelogram
864;0,00647246342159996;0,83297048062531;0;0,1;0,1;-0,170068027210884;Fixed Parallelogram
865;0,00635434818568671;0,833227859119092;0;0,1;0,1;-0,170068027210884;Fixed Parallelogram
866;0,00623623294977346;0,833485237612875;0;0,1;0,1;-0,170068027210884;Fixed Parallelogram
867;0,00611811771386021;0,833742616106658;0;0,1;0,1;-0,170068027210884;Fixed Parallelogram
868;0,006;0,834;0;0,1;0,1;-0,170068027210884;Fixed Parallelogram
869;0,00583939702877258;0,834847108753165;0;0,1;0,1;-0,170068027210884;Fixed Parallelogram
870;0,00567879068817464;0,83569423527825;0;0,1;0,1;-0,170068027210884;Fixed Parallelogram
871;0,0055181843475767;0,836541361803336;0;0,1;0,1;-0,170068027210884;Fixed Parallelogram
872;0,00535757800697876;0,837388488328421;0;0,1;0,1;-0,170068027210884;Fixed Parallelogram
873;0,00519697166638082;0,838235614853507;0;0,1;0,1;-0,170068027210884;Fixed Parallelogram
874;0,00503636532578289;0,839082741378592;0;0,1;0,1;-0,170068027210884;Fixed Parallelogram
875;0,00487575898518495;0,839929867903677;0;0,1;0,1;-0,170068027210884;Fixed Parallelogram
876;0,00471515264458701;0,840776994428763;0;0,1;0,1;-0,170068027210884;Fixed Parallelogram
877;0,00455454630398907;0,841624120953848;0;0,1;0,1;-0,170068027210884;Fixed Parallelogram
878;0,00439393996339113;0,842471247478934;0;0,1;0,1;-0,170068027210884;Fixed Parallelogram
879;0,00423333362279319;0,843318374004019;0;0,1;0,1;-0,170068027210884;Fixed Parallelogram
880;0,00407272728219525;0,844165500529105;0;0,1;0,1;-0,170068027210884;Fixed Parallelogram
881;0,00391212094159731;0,84501262705419;0;0,1;0,1;-0,170068027210884;Fixed Parallelogram
882;0,00375151460099937;0,845859753579275;0;0,1;0,1;-0,170068027210884;Fixed Parallelogram
883;0,00359090826040143;0,846706880104361;0;0,1;0,1;-0,170068027210884;Fixed Parallelogram
884;0,00343030191980349;0,847554006629446;0;0,1;0,1;-0,170068027210884;Fixed Parallelogram
885;0,00326969557920556;0,848401133154532;0;0,1;0,1;-0,170068027210884;Fixed Parallelogram
886;0,00310908923860762;0,849248259679617;0;0,1;0,1;-0,170068027210884;Fixed Parallelogram
887;0,00294848289800968;0,850095386204703;0;0,1;0,1;-0,170068027210884;Fixed Parallelogram
888;0,00278787655741174;0,850942512729788;0;0,1;0,1;-0,170068027210884;Fixed Parallelogram
889;0,0026272702168138;0,851789639254873;0;0,1;0,1;-0,170068027210884;Fixed Parallelogram
890;0,00246666387621586;0,852636765779959;0;0,1;0,1;-0,170068027210884;Fixed Parallelogram
891;0,00223653620227333;0,852813852813853;0;0,1;0,1;-0,170068027210884;Fixed Parallelogram
892;0,00198803449683536;0,852813852813853;0;0,1;0,1;-0,170068027210884;Fixed Parallelogram
893;0,0017395327913974;0,852813852813853;0;0,1;0,1;-0,170068027210884;Fixed Parallelogram
894;0,00149103108595943;0,852813852813853;0;0,1;0,1;-0,170068027210884;Fixed Parallelogram
895;0,00124252938052146;0,852813852813853;0;0,1;0,1;-0,170068027210884;Fixed Parallelogram
896;0,000994027675083499;0,852813852813853;0;0,1;0,1;-0,170068027210884;Fixed Parallelogram
897;0,000745525969645531;0,852813852813853;0;0,1;0,1;-0,170068027210884;Fixed Parallelogram
898;0,000497024264207565;0,852813852813853;0;0,1;0,1;-0,170068027210884;Fixed Parallelogram
899;0,000248522558769598;0,852813852813853;0;0,1;0,1;-0,170068027210884;Fixed Parallelogram
900;0;0,852813852813853;0;0,1;0,1;-0,170068027210884;Fixed Parallelogram
901;0;0,852813852813853;0;0,1;0,1;-0,170068027210884;Fixed Parallelogram
